{"type":"FeatureCollection","name":"surf_city_road_centerlines","metadata":{"source":"NJOGIS NG911 Road Centerlines (Tran_road)","url":"https://services2.arcgis.com/XVOqAjTOJ5P6ngMu/arcgis/rest/services/Tran_road/FeatureServer/0","query_url":"https://services2.arcgis.com/XVOqAjTOJ5P6ngMu/arcgis/rest/services/Tran_road/FeatureServer/0/query","retrieved_at_utc":"2026-09-04T20:06:17.822531+00:00","source_last_edit_date":1785341586960,"out_sr":4326,"query_envelope_wgs84":[-74.1824886,39.6518275,-74.1570585,39.6764588],"spatial_relationship":"esriSpatialRelIntersects","boundary_file":"surf_city_boundary.geojson","boundary_sha256":"bb233a2b78b705761b980bd977aabbc8c5657dda5f56ad17c81f6b970fe124ba","fields":["OBJECTID","PRIMENAME","ELEVTYP_F","ELEVTYP_T"],"feature_count":394,"complete_objectid_inventory_verified":true,"municipal_clipping":"Envelope selection only; clip against the actual municipal boundary in the application."},"features":[{"type":"Feature","id":3174,"properties":{"OBJECTID":3174,"PRIMENAME":"North Central Avenue","ELEVTYP_F":0,"ELEVTYP_T":0},"geometry":{"type":"LineString","coordinates":[[-74.1605470349432,39.6702673426961],[-74.1600760192485,39.6708695957446]]}},{"type":"Feature","id":4593,"properties":{"OBJECTID":4593,"PRIMENAME":"Shore Avenue","ELEVTYP_F":0,"ELEVTYP_T":0},"geometry":{"type":"LineString","coordinates":[[-74.1818217107778,39.6553833972512],[-74.1818675593526,39.6553381118617],[-74.1822431002486,39.6548576018821]]}},{"type":"Feature","id":4942,"properties":{"OBJECTID":4942,"PRIMENAME":"Ocean Terrace","ELEVTYP_F":0,"ELEVTYP_T":0},"geometry":{"type":"LineString","coordinates":[[-74.1594545905959,39.6676404451579],[-74.1594648523815,39.6676270503355],[-74.1597070879172,39.6673396723984]]}},{"type":"Feature","id":5519,"properties":{"OBJECTID":5519,"PRIMENAME":"West 5th Street","ELEVTYP_F":0,"ELEVTYP_T":0},"geometry":{"type":"LineString","coordinates":[[-74.1745972181396,39.652031878429],[-74.1751439985924,39.6522993407912]]}},{"type":"Feature","id":5761,"properties":{"OBJECTID":5761,"PRIMENAME":"North 6th Street","ELEVTYP_F":0,"ELEVTYP_T":0},"geometry":{"type":"LineString","coordinates":[[-74.172870371352,39.6608161933314],[-74.1730567580963,39.6609059753747],[-74.1748064938477,39.6617569995117]]}},{"type":"Feature","id":5888,"properties":{"OBJECTID":5888,"PRIMENAME":"West 4th Street","ELEVTYP_F":0,"ELEVTYP_T":0},"geometry":{"type":"LineString","coordinates":[[-74.1777861421947,39.6547556544157],[-74.1793408968157,39.6554952916482],[-74.1804685597208,39.6560426166852]]}},{"type":"Feature","id":6496,"properties":{"OBJECTID":6496,"PRIMENAME":"West 6th Street","ELEVTYP_F":0,"ELEVTYP_T":0},"geometry":{"type":"LineString","coordinates":[[-74.1789353544638,39.6532578575291],[-74.17888734661,39.6532345239036],[-74.1756549421176,39.6516633122702]]}},{"type":"Feature","id":7306,"properties":{"OBJECTID":7306,"PRIMENAME":"Edgewater Drive","ELEVTYP_F":0,"ELEVTYP_T":0},"geometry":{"type":"LineString","coordinates":[[-74.1582473187793,39.6745724042623],[-74.1582918713527,39.6745725353581],[-74.1583253033514,39.6745583026632],[-74.1586035565092,39.6742208458408]]}},{"type":"Feature","id":9003,"properties":{"OBJECTID":9003,"PRIMENAME":"North 8th Street","ELEVTYP_F":0,"ELEVTYP_T":0},"geometry":{"type":"LineString","coordinates":[[-74.1738037805338,39.6629616718066],[-74.1736632681822,39.6628930472287],[-74.1720248841327,39.6620928657542],[-74.1718834367375,39.6620245696581]]}},{"type":"Feature","id":9347,"properties":{"OBJECTID":9347,"PRIMENAME":"North 12th Street","ELEVTYP_F":0,"ELEVTYP_T":0},"geometry":{"type":"LineString","coordinates":[[-74.1639544816305,39.6616112109828],[-74.1655061613145,39.6623709007187]]}},{"type":"Feature","id":11618,"properties":{"OBJECTID":11618,"PRIMENAME":"South 2nd Street","ELEVTYP_F":0,"ELEVTYP_T":0},"geometry":{"type":"LineString","coordinates":[[-74.1768643438357,39.6556974723197],[-74.1769304384754,39.6557293395491],[-74.1769765461798,39.6557515418382]]}},{"type":"Feature","id":12671,"properties":{"OBJECTID":12671,"PRIMENAME":"18th Street","ELEVTYP_F":0,"ELEVTYP_T":0},"geometry":{"type":"LineString","coordinates":[[-74.1621142341046,39.6659109308204],[-74.1610472924157,39.6653877109301]]}},{"type":"Feature","id":12831,"properties":{"OBJECTID":12831,"PRIMENAME":"14th Street","ELEVTYP_F":0,"ELEVTYP_T":0},"geometry":{"type":"LineString","coordinates":[[-74.1694331397397,39.6660267686764],[-74.1688678912047,39.6657478606134]]}},{"type":"Feature","id":15015,"properties":{"OBJECTID":15015,"PRIMENAME":"Sunset Avenue","ELEVTYP_F":0,"ELEVTYP_T":0},"geometry":{"type":"LineString","coordinates":[[-74.1656329715911,39.6667131969688],[-74.1651064099675,39.667363328616]]}},{"type":"Feature","id":15235,"properties":{"OBJECTID":15235,"PRIMENAME":"18th Street","ELEVTYP_F":0,"ELEVTYP_T":0},"geometry":{"type":"LineString","coordinates":[[-74.1635301517882,39.6666027944992],[-74.1632179448726,39.6664521762205],[-74.1628553551307,39.666274340341]]}},{"type":"Feature","id":18645,"properties":{"OBJECTID":18645,"PRIMENAME":"South 1st Street","ELEVTYP_F":0,"ELEVTYP_T":0},"geometry":{"type":"LineString","coordinates":[[-74.1731591073759,39.6547347366992],[-74.1727827334964,39.6545500289122],[-74.1721124824222,39.6542299052437]]}},{"type":"Feature","id":18994,"properties":{"OBJECTID":18994,"PRIMENAME":"Sunset Avenue","ELEVTYP_F":0,"ELEVTYP_T":0},"geometry":{"type":"LineString","coordinates":[[-74.1671021335607,39.664893102199],[-74.166609639862,39.6655044896934]]}},{"type":"Feature","id":19570,"properties":{"OBJECTID":19570,"PRIMENAME":"Ocean Terrace","ELEVTYP_F":0,"ELEVTYP_T":0},"geometry":{"type":"LineString","coordinates":[[-74.1630372672897,39.6629266786737],[-74.1629570752693,39.6630252575302],[-74.1625500994688,39.6635341381717]]}},{"type":"Feature","id":20005,"properties":{"OBJECTID":20005,"PRIMENAME":"Central Avenue","ELEVTYP_F":0,"ELEVTYP_T":0},"geometry":{"type":"LineString","coordinates":[[-74.1751439985924,39.6522993407912],[-74.1746414415075,39.6529249299317]]}},{"type":"Feature","id":20858,"properties":{"OBJECTID":20858,"PRIMENAME":"23rd Street","ELEVTYP_F":0,"ELEVTYP_T":0},"geometry":{"type":"LineString","coordinates":[[-74.1599970093933,39.6691587140427],[-74.1604756172065,39.6694055358053],[-74.1610269667951,39.6696708812449]]}},{"type":"Feature","id":21289,"properties":{"OBJECTID":21289,"PRIMENAME":"North 1st Street","ELEVTYP_F":0,"ELEVTYP_T":0},"geometry":{"type":"LineString","coordinates":[[-74.1715945271068,39.6557287892669],[-74.1710913410617,39.6554858966596]]}},{"type":"Feature","id":27816,"properties":{"OBJECTID":27816,"PRIMENAME":"North Central Avenue","ELEVTYP_F":0,"ELEVTYP_T":0},"geometry":{"type":"LineString","coordinates":[[-74.170064089154,39.6585570364782],[-74.1695319445689,39.659207859759]]}},{"type":"Feature","id":28820,"properties":{"OBJECTID":28820,"PRIMENAME":"Unnamed Segment","ELEVTYP_F":0,"ELEVTYP_T":0},"geometry":{"type":"LineString","coordinates":[[-74.1636200352533,39.6640519178885],[-74.1631318342463,39.664659623521]]}},{"type":"Feature","id":29190,"properties":{"OBJECTID":29190,"PRIMENAME":"North 4th Street","ELEVTYP_F":0,"ELEVTYP_T":0},"geometry":{"type":"LineString","coordinates":[[-74.1739532453063,39.6594802741868],[-74.1742346632453,39.659619877324],[-74.1766675533798,39.6607849569651],[-74.1772224331522,39.6610309072185]]}},{"type":"Feature","id":31767,"properties":{"OBJECTID":31767,"PRIMENAME":"North 7th Street","ELEVTYP_F":0,"ELEVTYP_T":0},"geometry":{"type":"LineString","coordinates":[[-74.167996305344,39.6593034179136],[-74.1690445730491,39.6598085105479]]}},{"type":"Feature","id":37546,"properties":{"OBJECTID":37546,"PRIMENAME":"15th Street","ELEVTYP_F":0,"ELEVTYP_T":0},"geometry":{"type":"LineString","coordinates":[[-74.1625500994688,39.6635341381717],[-74.1636200352533,39.6640519178885]]}},{"type":"Feature","id":47327,"properties":{"OBJECTID":47327,"PRIMENAME":"Long Beach Boulevard","ELEVTYP_F":0,"ELEVTYP_T":0},"geometry":{"type":"LineString","coordinates":[[-74.174033526073,39.6517589020071],[-74.1735226543793,39.6523914646425]]}},{"type":"Feature","id":50366,"properties":{"OBJECTID":50366,"PRIMENAME":"North 5th Street","ELEVTYP_F":0,"ELEVTYP_T":0},"geometry":{"type":"LineString","coordinates":[[-74.1732841592053,39.6601160143717],[-74.17298635679,39.6599707348631],[-74.1708125823235,39.6589191447009],[-74.170064089154,39.6585570364782]]}},{"type":"Feature","id":51512,"properties":{"OBJECTID":51512,"PRIMENAME":"North 17th Street","ELEVTYP_F":0,"ELEVTYP_T":0},"geometry":{"type":"LineString","coordinates":[[-74.1671872120703,39.6674552180493],[-74.1656329715911,39.6667131969688]]}},{"type":"Feature","id":54350,"properties":{"OBJECTID":54350,"PRIMENAME":"North Long Beach Boulevard","ELEVTYP_F":0,"ELEVTYP_T":0},"geometry":{"type":"LineString","coordinates":[[-74.1580672790652,39.6715476529729],[-74.1582677567742,39.6713015253376],[-74.1583363269002,39.6712173440392],[-74.1584571517195,39.6710663116686]]}},{"type":"Feature","id":56369,"properties":{"OBJECTID":56369,"PRIMENAME":"North 12th Street","ELEVTYP_F":0,"ELEVTYP_T":0},"geometry":{"type":"LineString","coordinates":[[-74.1665558957636,39.66287975436],[-74.1697024786297,39.6644018298296],[-74.169781831761,39.6644406025786]]}},{"type":"Feature","id":58098,"properties":{"OBJECTID":58098,"PRIMENAME":"Spindrift Lane","ELEVTYP_F":0,"ELEVTYP_T":0},"geometry":{"type":"LineString","coordinates":[[-74.157193745597,39.6723874327066],[-74.1566354350696,39.672103045308],[-74.1564904361497,39.6720080450214]]}},{"type":"Feature","id":60730,"properties":{"OBJECTID":60730,"PRIMENAME":"North 8th Street","ELEVTYP_F":0,"ELEVTYP_T":0},"geometry":{"type":"LineString","coordinates":[[-74.1675081702395,39.6599048563164],[-74.1673260520534,39.6598157360481]]}},{"type":"Feature","id":61074,"properties":{"OBJECTID":61074,"PRIMENAME":"Bay Vista","ELEVTYP_F":0,"ELEVTYP_T":0},"geometry":{"type":"LineString","coordinates":[[-74.1618119891333,39.6713233297077],[-74.1616757795749,39.6714855829367]]}},{"type":"Feature","id":62800,"properties":{"OBJECTID":62800,"PRIMENAME":"13th Street","ELEVTYP_F":0,"ELEVTYP_T":0},"geometry":{"type":"LineString","coordinates":[[-74.1649796315123,39.663020840549],[-74.1635525397224,39.6623234437701]]}},{"type":"Feature","id":63191,"properties":{"OBJECTID":63191,"PRIMENAME":"13th Street","ELEVTYP_F":0,"ELEVTYP_T":0},"geometry":{"type":"LineString","coordinates":[[-74.1693556735856,39.665144494815],[-74.1693083224774,39.6651217095051],[-74.1692510120686,39.6650940911634]]}},{"type":"Feature","id":64575,"properties":{"OBJECTID":64575,"PRIMENAME":"North 10th Street","ELEVTYP_F":0,"ELEVTYP_T":0},"geometry":{"type":"LineString","coordinates":[[-74.1708970680969,39.6632338711921],[-74.1711359075372,39.6633499971952],[-74.1737563245881,39.664620244403],[-74.1738716339776,39.6646761379094]]}},{"type":"Feature","id":64580,"properties":{"OBJECTID":64580,"PRIMENAME":"Division Avenue","ELEVTYP_F":0,"ELEVTYP_T":0},"geometry":{"type":"LineString","coordinates":[[-74.1759750178736,39.6569897846165],[-74.1762074641092,39.6571029162575],[-74.1767094611505,39.6573559970881]]}},{"type":"Feature","id":65922,"properties":{"OBJECTID":65922,"PRIMENAME":"North 3rd Street","ELEVTYP_F":0,"ELEVTYP_T":0},"geometry":{"type":"LineString","coordinates":[[-74.1744872391118,39.6588206227691],[-74.1744396078036,39.6587975090662],[-74.1743731216477,39.6587652547115]]}},{"type":"Feature","id":65957,"properties":{"OBJECTID":65957,"PRIMENAME":"18th Street","ELEVTYP_F":0,"ELEVTYP_T":0},"geometry":{"type":"LineString","coordinates":[[-74.1624880544955,39.6660942386393],[-74.1621142341046,39.6659109308204]]}},{"type":"Feature","id":66135,"properties":{"OBJECTID":66135,"PRIMENAME":"22nd Street","ELEVTYP_F":0,"ELEVTYP_T":0},"geometry":{"type":"LineString","coordinates":[[-74.1592180048723,39.667948649361],[-74.1590853152365,39.6678840700671]]}},{"type":"Feature","id":67509,"properties":{"OBJECTID":67509,"PRIMENAME":"Sunset Avenue","ELEVTYP_F":0,"ELEVTYP_T":0},"geometry":{"type":"LineString","coordinates":[[-74.166609639862,39.6655044896934],[-74.1664744452668,39.6656722363803],[-74.1661193233925,39.666111872003]]}},{"type":"Feature","id":68395,"properties":{"OBJECTID":68395,"PRIMENAME":"West 5th Street","ELEVTYP_F":0,"ELEVTYP_T":0},"geometry":{"type":"LineString","coordinates":[[-74.174033526073,39.6517589020071],[-74.1744503356962,39.6519600004193],[-74.1745972181396,39.652031878429]]}},{"type":"Feature","id":70201,"properties":{"OBJECTID":70201,"PRIMENAME":"North Barnegat Avenue","ELEVTYP_F":0,"ELEVTYP_T":0},"geometry":{"type":"LineString","coordinates":[[-74.1739532453063,39.6594802741868],[-74.1741858790279,39.6591916865043],[-74.1744872391118,39.6588206227691]]}},{"type":"Feature","id":71108,"properties":{"OBJECTID":71108,"PRIMENAME":"Long Beach Boulevard","ELEVTYP_F":0,"ELEVTYP_T":0},"geometry":{"type":"LineString","coordinates":[[-74.1721124824222,39.6542299052437],[-74.1716022461239,39.6548558159957]]}},{"type":"Feature","id":71150,"properties":{"OBJECTID":71150,"PRIMENAME":"North Central Avenue","ELEVTYP_F":0,"ELEVTYP_T":0},"geometry":{"type":"LineString","coordinates":[[-74.1690445730491,39.6598085105479],[-74.1685551115469,39.6604135732846]]}},{"type":"Feature","id":71398,"properties":{"OBJECTID":71398,"PRIMENAME":"Unnamed Segment","ELEVTYP_F":0,"ELEVTYP_T":0},"geometry":{"type":"LineString","coordinates":[[-74.1621142341046,39.6659109308204],[-74.1615847291742,39.6665618621863]]}},{"type":"Feature","id":72040,"properties":{"OBJECTID":72040,"PRIMENAME":"North 6th Street","ELEVTYP_F":0,"ELEVTYP_T":0},"geometry":{"type":"LineString","coordinates":[[-74.1690386432012,39.6589666069723],[-74.1695319445689,39.659207859759]]}},{"type":"Feature","id":72175,"properties":{"OBJECTID":72175,"PRIMENAME":"20th Street","ELEVTYP_F":0,"ELEVTYP_T":0},"geometry":{"type":"LineString","coordinates":[[-74.1625135153839,39.6678561667771],[-74.1614714017553,39.6673486449208]]}},{"type":"Feature","id":72307,"properties":{"OBJECTID":72307,"PRIMENAME":"Sherwood Way","ELEVTYP_F":0,"ELEVTYP_T":0},"geometry":{"type":"LineString","coordinates":[[-74.1583234365047,39.6709996964049],[-74.1584571517195,39.6710663116686]]}},{"type":"Feature","id":72636,"properties":{"OBJECTID":72636,"PRIMENAME":"South 1st Street","ELEVTYP_F":0,"ELEVTYP_T":0},"geometry":{"type":"LineString","coordinates":[[-74.1763742513983,39.6562987782066],[-74.1756335618833,39.6559415780529],[-74.1750350879277,39.6556553313566],[-74.1731591073759,39.6547347366992]]}},{"type":"Feature","id":73314,"properties":{"OBJECTID":73314,"PRIMENAME":"North 3rd Street","ELEVTYP_F":0,"ELEVTYP_T":0},"geometry":{"type":"LineString","coordinates":[[-74.1793706033482,39.6611813815186],[-74.1793189450182,39.6611526307549],[-74.1790275970547,39.6610222146786],[-74.1789717959635,39.6609972355046],[-74.1777545938036,39.6604022868469]]}},{"type":"Feature","id":73492,"properties":{"OBJECTID":73492,"PRIMENAME":"North 21st Street","ELEVTYP_F":0,"ELEVTYP_T":0},"geometry":{"type":"LineString","coordinates":[[-74.163373287985,39.6691254171564],[-74.1635761255767,39.6692313774553]]}},{"type":"Feature","id":73790,"properties":{"OBJECTID":73790,"PRIMENAME":"13th Street","ELEVTYP_F":0,"ELEVTYP_T":0},"geometry":{"type":"LineString","coordinates":[[-74.1675895074289,39.6642881491274],[-74.1660267385097,39.6635307893711]]}},{"type":"Feature","id":74669,"properties":{"OBJECTID":74669,"PRIMENAME":"West 5th Street","ELEVTYP_F":0,"ELEVTYP_T":0},"geometry":{"type":"LineString","coordinates":[[-74.1751439985924,39.6522993407912],[-74.1756204064117,39.6525324219655],[-74.1784378636071,39.6538690360251]]}},{"type":"Feature","id":75502,"properties":{"OBJECTID":75502,"PRIMENAME":"North Long Beach Boulevard","ELEVTYP_F":0,"ELEVTYP_T":0},"geometry":{"type":"LineString","coordinates":[[-74.1576871196806,39.6720143671155],[-74.1579230753311,39.671724691215],[-74.1580672790652,39.6715476529729]]}},{"type":"Feature","id":75753,"properties":{"OBJECTID":75753,"PRIMENAME":"South Central Avenue","ELEVTYP_F":0,"ELEVTYP_T":0},"geometry":{"type":"LineString","coordinates":[[-74.1741369001911,39.6535249494458],[-74.1740049920067,39.653697548004],[-74.1736466864995,39.6541351945623]]}},{"type":"Feature","id":77489,"properties":{"OBJECTID":77489,"PRIMENAME":"North 12th Street","ELEVTYP_F":0,"ELEVTYP_T":0},"geometry":{"type":"LineString","coordinates":[[-74.1655061613145,39.6623709007187],[-74.1665558957636,39.66287975436]]}},{"type":"Feature","id":78320,"properties":{"OBJECTID":78320,"PRIMENAME":"West 6th Street","ELEVTYP_F":0,"ELEVTYP_T":0},"geometry":{"type":"LineString","coordinates":[[-74.1822431002486,39.6548576018821],[-74.1789353544638,39.6532578575291]]}},{"type":"Feature","id":79038,"properties":{"OBJECTID":79038,"PRIMENAME":"South 1st Street","ELEVTYP_F":0,"ELEVTYP_T":0},"geometry":{"type":"LineString","coordinates":[[-74.1721124824222,39.6542299052437],[-74.1717527822456,39.6540580626133],[-74.1709070708115,39.6536575681866]]}},{"type":"Feature","id":79379,"properties":{"OBJECTID":79379,"PRIMENAME":"Ocean Terrace","ELEVTYP_F":0,"ELEVTYP_T":0},"geometry":{"type":"LineString","coordinates":[[-74.1625500994688,39.6635341381717],[-74.1624619624609,39.6636444169766],[-74.1620531396382,39.6641373947416]]}},{"type":"Feature","id":80460,"properties":{"OBJECTID":80460,"PRIMENAME":"North 10th Street","ELEVTYP_F":0,"ELEVTYP_T":0},"geometry":{"type":"LineString","coordinates":[[-74.1675783800723,39.6616208981567],[-74.1677875129538,39.6617217637266],[-74.1707945013033,39.6631839963926]]}},{"type":"Feature","id":84197,"properties":{"OBJECTID":84197,"PRIMENAME":"West Cove","ELEVTYP_F":0,"ELEVTYP_T":0},"geometry":{"type":"LineString","coordinates":[[-74.1580672790652,39.6715476529729],[-74.1597184770775,39.6723787258828]]}},{"type":"Feature","id":84285,"properties":{"OBJECTID":84285,"PRIMENAME":"North 2nd Street","ELEVTYP_F":0,"ELEVTYP_T":0},"geometry":{"type":"LineString","coordinates":[[-74.1748649042404,39.6581593774282],[-74.1749322061887,39.6581917986267],[-74.1749795903145,39.6582146367059]]}},{"type":"Feature","id":84631,"properties":{"OBJECTID":84631,"PRIMENAME":"South Barnegat Avenue","ELEVTYP_F":0,"ELEVTYP_T":0},"geometry":{"type":"LineString","coordinates":[[-74.1769765461798,39.6557515418382],[-74.1774660611249,39.6551476654693]]}},{"type":"Feature","id":85471,"properties":{"OBJECTID":85471,"PRIMENAME":"North 10th Street","ELEVTYP_F":0,"ELEVTYP_T":0},"geometry":{"type":"LineString","coordinates":[[-74.1664394417138,39.6610716317197],[-74.1665255959429,39.6611131717569]]}},{"type":"Feature","id":85660,"properties":{"OBJECTID":85660,"PRIMENAME":"North 2nd Street","ELEVTYP_F":0,"ELEVTYP_T":0},"geometry":{"type":"LineString","coordinates":[[-74.170600576578,39.6560914035108],[-74.1716521994466,39.6566020841972]]}},{"type":"Feature","id":86063,"properties":{"OBJECTID":86063,"PRIMENAME":"North Central Avenue","ELEVTYP_F":0,"ELEVTYP_T":0},"geometry":{"type":"LineString","coordinates":[[-74.1640581054126,39.6659532225143],[-74.1635301517882,39.6666027944992]]}},{"type":"Feature","id":87637,"properties":{"OBJECTID":87637,"PRIMENAME":"South 1st Street","ELEVTYP_F":0,"ELEVTYP_T":0},"geometry":{"type":"LineString","coordinates":[[-74.1764886505019,39.65635395234],[-74.1764407009106,39.6563308385628],[-74.1763742513983,39.6562987782066]]}},{"type":"Feature","id":87786,"properties":{"OBJECTID":87786,"PRIMENAME":"24th Street","ELEVTYP_F":0,"ELEVTYP_T":0},"geometry":{"type":"LineString","coordinates":[[-74.1605470349432,39.6702673426961],[-74.1597072746981,39.669872276075],[-74.159486649243,39.6697650489674]]}},{"type":"Feature","id":87827,"properties":{"OBJECTID":87827,"PRIMENAME":"Starboard Road","ELEVTYP_F":0,"ELEVTYP_T":0},"geometry":{"type":"LineString","coordinates":[[-74.1563372332176,39.6736725539008],[-74.1581954686943,39.67456080304],[-74.1582473187793,39.6745724042623]]}},{"type":"Feature","id":88451,"properties":{"OBJECTID":88451,"PRIMENAME":"West 8th Street","ELEVTYP_F":0,"ELEVTYP_T":0},"geometry":{"type":"LineString","coordinates":[[-74.179996137085,39.6519477365557],[-74.1813272586878,39.6525966775328],[-74.1816779272006,39.6527663796606],[-74.1818145582697,39.6528296812302],[-74.1819400893022,39.652881503564],[-74.1821026120055,39.6529448486671],[-74.1822097045212,39.6529823161494],[-74.1823094703295,39.6530140805888],[-74.1824166385131,39.6530429539208],[-74.1825090473075,39.6530603660554],[-74.1826191239512,39.653074257577],[-74.1826935191315,39.6530775630569],[-74.182774009028,39.6530762182891],[-74.1828434106196,39.6530686378425],[-74.1828927113387,39.6530602341294],[-74.1829611930164,39.6530440848583],[-74.183023496215,39.6530274520914]]}},{"type":"Feature","id":89214,"properties":{"OBJECTID":89214,"PRIMENAME":"15th Street","ELEVTYP_F":0,"ELEVTYP_T":0},"geometry":{"type":"LineString","coordinates":[[-74.166609639862,39.6655044896934],[-74.168326864657,39.6663327048671]]}},{"type":"Feature","id":89465,"properties":{"OBJECTID":89465,"PRIMENAME":"22nd Street","ELEVTYP_F":0,"ELEVTYP_T":0},"geometry":{"type":"LineString","coordinates":[[-74.1615324810225,39.6690646623154],[-74.1613197257267,39.6689606457928],[-74.160482975289,39.6685628209485]]}},{"type":"Feature","id":90792,"properties":{"OBJECTID":90792,"PRIMENAME":"South 2nd Street","ELEVTYP_F":0,"ELEVTYP_T":0},"geometry":{"type":"LineString","coordinates":[[-74.1777558702085,39.6561270702401],[-74.1781762269248,39.6563296476715],[-74.1791384942469,39.6568000858828],[-74.1792763751781,39.6568674914156]]}},{"type":"Feature","id":90806,"properties":{"OBJECTID":90806,"PRIMENAME":"13th Street","ELEVTYP_F":0,"ELEVTYP_T":0},"geometry":{"type":"LineString","coordinates":[[-74.1692510120686,39.6650940911634],[-74.1689756576911,39.6649615760203],[-74.167690904628,39.6643372820755],[-74.1675895074289,39.6642881491274]]}},{"type":"Feature","id":92629,"properties":{"OBJECTID":92629,"PRIMENAME":"Schneider Lane","ELEVTYP_F":0,"ELEVTYP_T":0},"geometry":{"type":"LineString","coordinates":[[-74.1613162238816,39.6706455595429],[-74.1608378489669,39.6712349989133]]}},{"type":"Feature","id":93951,"properties":{"OBJECTID":93951,"PRIMENAME":"21st Street","ELEVTYP_F":0,"ELEVTYP_T":0},"geometry":{"type":"LineString","coordinates":[[-74.1595742073245,39.6672778106877],[-74.1597070879172,39.6673396723984]]}},{"type":"Feature","id":94012,"properties":{"OBJECTID":94012,"PRIMENAME":"West 4th Street","ELEVTYP_F":0,"ELEVTYP_T":0},"geometry":{"type":"LineString","coordinates":[[-74.1763695132777,39.6537578627488],[-74.1760741703069,39.6536226188485],[-74.1748633972784,39.6530301010287],[-74.1747365653285,39.6529700029248],[-74.1746414415075,39.6529249299317]]}},{"type":"Feature","id":94275,"properties":{"OBJECTID":94275,"PRIMENAME":"South 2nd Street","ELEVTYP_F":0,"ELEVTYP_T":0},"geometry":{"type":"LineString","coordinates":[[-74.1726006144051,39.6536272118453],[-74.1736466864995,39.6541351945623]]}},{"type":"Feature","id":94424,"properties":{"OBJECTID":94424,"PRIMENAME":"North Central Avenue","ELEVTYP_F":0,"ELEVTYP_T":0},"geometry":{"type":"LineString","coordinates":[[-74.1615324810225,39.6690646623154],[-74.1610269667951,39.6696708812449]]}},{"type":"Feature","id":94741,"properties":{"OBJECTID":94741,"PRIMENAME":"14th Street","ELEVTYP_F":0,"ELEVTYP_T":0},"geometry":{"type":"LineString","coordinates":[[-74.157491714525,39.6722542601131],[-74.1591734373666,39.673122044718]]}},{"type":"Feature","id":95014,"properties":{"OBJECTID":95014,"PRIMENAME":"North Barnegat Avenue","ELEVTYP_F":0,"ELEVTYP_T":0},"geometry":{"type":"LineString","coordinates":[[-74.1708970680969,39.6632338711921],[-74.1710093392447,39.6630951011384],[-74.1713895452895,39.6626295766599]]}},{"type":"Feature","id":96764,"properties":{"OBJECTID":96764,"PRIMENAME":"North Central Avenue","ELEVTYP_F":0,"ELEVTYP_T":0},"geometry":{"type":"LineString","coordinates":[[-74.1650459776442,39.664737532033],[-74.1645528502248,39.6653443790528]]}},{"type":"Feature","id":97149,"properties":{"OBJECTID":97149,"PRIMENAME":"16th Street","ELEVTYP_F":0,"ELEVTYP_T":0},"geometry":{"type":"LineString","coordinates":[[-74.16350654674,39.6648410354855],[-74.1631318342463,39.664659623521]]}},{"type":"Feature","id":98509,"properties":{"OBJECTID":98509,"PRIMENAME":"North Long Beach Boulevard","ELEVTYP_F":0,"ELEVTYP_T":0},"geometry":{"type":"LineString","coordinates":[[-74.1594545905959,39.6676404451579],[-74.1607306920886,39.6682586271663]]}},{"type":"Feature","id":102896,"properties":{"OBJECTID":102896,"PRIMENAME":"Sunset Avenue","ELEVTYP_F":0,"ELEVTYP_T":0},"geometry":{"type":"LineString","coordinates":[[-74.1623232091156,39.666921340963],[-74.1626245977388,39.6670683884254],[-74.1630048268674,39.6672502296208]]}},{"type":"Feature","id":103345,"properties":{"OBJECTID":103345,"PRIMENAME":"North 3rd Street","ELEVTYP_F":0,"ELEVTYP_T":0},"geometry":{"type":"LineString","coordinates":[[-74.1711679702048,39.6572069533441],[-74.1701094458604,39.6566973746687]]}},{"type":"Feature","id":103685,"properties":{"OBJECTID":103685,"PRIMENAME":"North 5th Street","ELEVTYP_F":0,"ELEVTYP_T":0},"geometry":{"type":"LineString","coordinates":[[-74.170064089154,39.6585570364782],[-74.1697930863614,39.6584259361999],[-74.1695676963522,39.6583165454822]]}},{"type":"Feature","id":105404,"properties":{"OBJECTID":105404,"PRIMENAME":"South 2nd Street","ELEVTYP_F":0,"ELEVTYP_T":0},"geometry":{"type":"LineString","coordinates":[[-74.1769765461798,39.6557515418382],[-74.1777558702085,39.6561270702401]]}},{"type":"Feature","id":108679,"properties":{"OBJECTID":108679,"PRIMENAME":"Barnegat Avenue","ELEVTYP_F":0,"ELEVTYP_T":0},"geometry":{"type":"LineString","coordinates":[[-74.168326864657,39.6663327048671],[-74.1678608329679,39.6669378308372]]}},{"type":"Feature","id":108807,"properties":{"OBJECTID":108807,"PRIMENAME":"15th Street","ELEVTYP_F":0,"ELEVTYP_T":0},"geometry":{"type":"LineString","coordinates":[[-74.1643596154405,39.6644083118438],[-74.1650459776442,39.664737532033]]}},{"type":"Feature","id":110904,"properties":{"OBJECTID":110904,"PRIMENAME":"North 2nd Street","ELEVTYP_F":0,"ELEVTYP_T":0},"geometry":{"type":"LineString","coordinates":[[-74.1690710807849,39.6553525735468],[-74.170600576578,39.6560914035108]]}},{"type":"Feature","id":117816,"properties":{"OBJECTID":117816,"PRIMENAME":"Sunset Avenue","ELEVTYP_F":0,"ELEVTYP_T":0},"geometry":{"type":"LineString","coordinates":[[-74.1638751473684,39.668520577126],[-74.1636109920732,39.6688400771364],[-74.163373287985,39.6691254171564]]}},{"type":"Feature","id":119453,"properties":{"OBJECTID":119453,"PRIMENAME":"North 1st Street","ELEVTYP_F":0,"ELEVTYP_T":0},"geometry":{"type":"LineString","coordinates":[[-74.1754690018192,39.6576124288673],[-74.1754200602209,39.6575885165295],[-74.1753538957432,39.6575561537365]]}},{"type":"Feature","id":119930,"properties":{"OBJECTID":119930,"PRIMENAME":"North 6th Street","ELEVTYP_F":0,"ELEVTYP_T":0},"geometry":{"type":"LineString","coordinates":[[-74.1727627013457,39.6607642746643],[-74.1728205060603,39.6607921394917],[-74.172870371352,39.6608161933314]]}},{"type":"Feature","id":120107,"properties":{"OBJECTID":120107,"PRIMENAME":"South Ocean Terrace","ELEVTYP_F":0,"ELEVTYP_T":0},"geometry":{"type":"LineString","coordinates":[[-74.1713904238539,39.6530454217998],[-74.1709070708115,39.6536575681866]]}},{"type":"Feature","id":120434,"properties":{"OBJECTID":120434,"PRIMENAME":"North Central Avenue","ELEVTYP_F":0,"ELEVTYP_T":0},"geometry":{"type":"LineString","coordinates":[[-74.1711679702048,39.6572069533441],[-74.1706355253813,39.6578581377108]]}},{"type":"Feature","id":123301,"properties":{"OBJECTID":123301,"PRIMENAME":"North 1st Street","ELEVTYP_F":0,"ELEVTYP_T":0},"geometry":{"type":"LineString","coordinates":[[-74.1710913410617,39.6554858966596],[-74.1708433105549,39.6553661755819],[-74.1695923592886,39.6547672856025],[-74.1695032832515,39.6547246396598]]}},{"type":"Feature","id":124801,"properties":{"OBJECTID":124801,"PRIMENAME":"14th Street","ELEVTYP_F":0,"ELEVTYP_T":0},"geometry":{"type":"LineString","coordinates":[[-74.1644862244153,39.6636291423015],[-74.1641143868513,39.6634488398056]]}},{"type":"Feature","id":125688,"properties":{"OBJECTID":125688,"PRIMENAME":"North 12th Street","ELEVTYP_F":0,"ELEVTYP_T":0},"geometry":{"type":"LineString","coordinates":[[-74.1698818477523,39.6644894000099],[-74.1712236235822,39.6651447164068],[-74.1715225180432,39.6652906924995]]}},{"type":"Feature","id":128278,"properties":{"OBJECTID":128278,"PRIMENAME":"Edgewater Drive","ELEVTYP_F":0,"ELEVTYP_T":0},"geometry":{"type":"LineString","coordinates":[[-74.1586035565092,39.6742208458408],[-74.1588439932854,39.6739292375212],[-74.1588738426254,39.6738920680507],[-74.1588888690563,39.6738491181085]]}},{"type":"Feature","id":128596,"properties":{"OBJECTID":128596,"PRIMENAME":"14th Street","ELEVTYP_F":0,"ELEVTYP_T":0},"geometry":{"type":"LineString","coordinates":[[-74.1641143868513,39.6634488398056],[-74.1630372672897,39.6629266786737]]}},{"type":"Feature","id":129536,"properties":{"OBJECTID":129536,"PRIMENAME":"North 8th Street","ELEVTYP_F":0,"ELEVTYP_T":0},"geometry":{"type":"LineString","coordinates":[[-74.1685551115469,39.6604135732846],[-74.1675081702395,39.6599048563164]]}},{"type":"Feature","id":130786,"properties":{"OBJECTID":130786,"PRIMENAME":"East 3rd Street","ELEVTYP_F":0,"ELEVTYP_T":0},"geometry":{"type":"LineString","coordinates":[[-74.1773593749516,39.6550965743452],[-74.1774214530125,39.6551263043444],[-74.1774660611249,39.6551476654693]]}},{"type":"Feature","id":131012,"properties":{"OBJECTID":131012,"PRIMENAME":"Central Avenue","ELEVTYP_F":0,"ELEVTYP_T":0},"geometry":{"type":"LineString","coordinates":[[-74.1756549421176,39.6516633122702],[-74.1751439985924,39.6522993407912]]}},{"type":"Feature","id":134287,"properties":{"OBJECTID":134287,"PRIMENAME":"Bay Shore Road","ELEVTYP_F":0,"ELEVTYP_T":0},"geometry":{"type":"LineString","coordinates":[[-74.1566530158009,39.673283844329],[-74.1586035565092,39.6742208458408]]}},{"type":"Feature","id":134495,"properties":{"OBJECTID":134495,"PRIMENAME":"North 4th Street","ELEVTYP_F":0,"ELEVTYP_T":0},"geometry":{"type":"LineString","coordinates":[[-74.1772224331522,39.6610309072185],[-74.1774725963394,39.661141807481],[-74.178391885597,39.6615905040603],[-74.178469426069,39.6616221822971],[-74.1785322072722,39.6616423709705],[-74.1786061547307,39.6616597350993],[-74.1786801299641,39.6616713614156],[-74.1793532042984,39.6617332653088],[-74.1794050663509,39.6617334084739],[-74.1794568967593,39.6617250132226],[-74.1794976442074,39.661716559442],[-74.1795457576724,39.6617052165152],[-74.1797606452066,39.6616486199392]]}},{"type":"Feature","id":138662,"properties":{"OBJECTID":138662,"PRIMENAME":"North Barnegat Avenue","ELEVTYP_F":0,"ELEVTYP_T":0},"geometry":{"type":"LineString","coordinates":[[-74.1723743234033,39.6614224893846],[-74.1728181464721,39.6608780680717],[-74.172870371352,39.6608161933314]]}},{"type":"Feature","id":141549,"properties":{"OBJECTID":141549,"PRIMENAME":"North 1st Street","ELEVTYP_F":0,"ELEVTYP_T":0},"geometry":{"type":"LineString","coordinates":[[-74.1721418742003,39.6559929722332],[-74.1715945271068,39.6557287892669]]}},{"type":"Feature","id":143582,"properties":{"OBJECTID":143582,"PRIMENAME":"North 5th Street","ELEVTYP_F":0,"ELEVTYP_T":0},"geometry":{"type":"LineString","coordinates":[[-74.1695676963522,39.6583165454822],[-74.1690145715845,39.6580481058449]]}},{"type":"Feature","id":144408,"properties":{"OBJECTID":144408,"PRIMENAME":"North 5th Street","ELEVTYP_F":0,"ELEVTYP_T":0},"geometry":{"type":"LineString","coordinates":[[-74.1688467712788,39.6579666338585],[-74.1674932891399,39.6573096894694]]}},{"type":"Feature","id":146074,"properties":{"OBJECTID":146074,"PRIMENAME":"North Long Beach Boulevard","ELEVTYP_F":0,"ELEVTYP_T":0},"geometry":{"type":"LineString","coordinates":[[-74.1566530158009,39.673283844329],[-74.1569050429753,39.6729744797731],[-74.156974008089,39.6728898230729]]}},{"type":"Feature","id":146639,"properties":{"OBJECTID":146639,"PRIMENAME":"15th Street","ELEVTYP_F":0,"ELEVTYP_T":0},"geometry":{"type":"LineString","coordinates":[[-74.168326864657,39.6663327048671],[-74.1687498068075,39.6665367232675]]}},{"type":"Feature","id":148881,"properties":{"OBJECTID":148881,"PRIMENAME":"North Central Avenue","ELEVTYP_F":0,"ELEVTYP_T":0},"geometry":{"type":"LineString","coordinates":[[-74.1685551115469,39.6604135732846],[-74.1680629626546,39.6610219482074]]}},{"type":"Feature","id":149677,"properties":{"OBJECTID":149677,"PRIMENAME":"North 9th Street","ELEVTYP_F":0,"ELEVTYP_T":0},"geometry":{"type":"LineString","coordinates":[[-74.1670136710943,39.6605129724016],[-74.1680629626546,39.6610219482074]]}},{"type":"Feature","id":149763,"properties":{"OBJECTID":149763,"PRIMENAME":"North Central Avenue","ELEVTYP_F":0,"ELEVTYP_T":0},"geometry":{"type":"LineString","coordinates":[[-74.1665558957636,39.66287975436],[-74.1660267385097,39.6635307893711]]}},{"type":"Feature","id":149793,"properties":{"OBJECTID":149793,"PRIMENAME":"South 1st Street","ELEVTYP_F":0,"ELEVTYP_T":0},"geometry":{"type":"LineString","coordinates":[[-74.1774701654306,39.656827347607],[-74.1772696431655,39.6567306415924]]}},{"type":"Feature","id":149982,"properties":{"OBJECTID":149982,"PRIMENAME":"North Long Beach Boulevard","ELEVTYP_F":0,"ELEVTYP_T":0},"geometry":{"type":"LineString","coordinates":[[-74.1716022461239,39.6548558159957],[-74.1715557305355,39.6549129017184],[-74.1710913410617,39.6554858966596]]}},{"type":"Feature","id":152475,"properties":{"OBJECTID":152475,"PRIMENAME":"Unnamed Segment","ELEVTYP_F":0,"ELEVTYP_T":0},"geometry":{"type":"LineString","coordinates":[[-74.1623232091156,39.666921340963],[-74.1627843251966,39.6663581470391],[-74.1628553551307,39.666274340341]]}},{"type":"Feature","id":152726,"properties":{"OBJECTID":152726,"PRIMENAME":"Barnegat Avenue","ELEVTYP_F":0,"ELEVTYP_T":0},"geometry":{"type":"LineString","coordinates":[[-74.1784378636071,39.6538690360251],[-74.1783174032298,39.6539266601625],[-74.1776812036207,39.6547057241089]]}},{"type":"Feature","id":154087,"properties":{"OBJECTID":154087,"PRIMENAME":"Unnamed Segment","ELEVTYP_F":0,"ELEVTYP_T":0},"geometry":{"type":"LineString","coordinates":[[-74.1587971250128,39.6706414170748],[-74.161347211829,39.6718730917641]]}},{"type":"Feature","id":157024,"properties":{"OBJECTID":157024,"PRIMENAME":"North Central Avenue","ELEVTYP_F":0,"ELEVTYP_T":0},"geometry":{"type":"LineString","coordinates":[[-74.1655339504051,39.664137065195],[-74.1653987275585,39.6643034387311],[-74.1650459776442,39.664737532033]]}},{"type":"Feature","id":159888,"properties":{"OBJECTID":159888,"PRIMENAME":"Unnamed Segment","ELEVTYP_F":0,"ELEVTYP_T":0},"geometry":{"type":"LineString","coordinates":[[-74.1641143868513,39.6634488398056],[-74.1636200352533,39.6640519178885]]}},{"type":"Feature","id":159940,"properties":{"OBJECTID":159940,"PRIMENAME":"South 1st Street","ELEVTYP_F":0,"ELEVTYP_T":0},"geometry":{"type":"LineString","coordinates":[[-74.1709070708115,39.6536575681866],[-74.1705862818946,39.6535056552292]]}},{"type":"Feature","id":160231,"properties":{"OBJECTID":160231,"PRIMENAME":"South Barnegat Avenue","ELEVTYP_F":0,"ELEVTYP_T":0},"geometry":{"type":"LineString","coordinates":[[-74.1764886505019,39.65635395234],[-74.1765471715676,39.6562811662946],[-74.1769765461798,39.6557515418382]]}},{"type":"Feature","id":160290,"properties":{"OBJECTID":160290,"PRIMENAME":"Schoderer Lane","ELEVTYP_F":0,"ELEVTYP_T":0},"geometry":{"type":"LineString","coordinates":[[-74.1800623060435,39.6620326436787],[-74.1799957612696,39.6619479312194],[-74.1797606452066,39.6616486199392]]}},{"type":"Feature","id":160645,"properties":{"OBJECTID":160645,"PRIMENAME":"21st Street","ELEVTYP_F":0,"ELEVTYP_T":0},"geometry":{"type":"LineString","coordinates":[[-74.1620215867749,39.6684628413089],[-74.1632701335466,39.6690715527009],[-74.163373287985,39.6691254171564]]}},{"type":"Feature","id":161413,"properties":{"OBJECTID":161413,"PRIMENAME":"Barnegat Avenue","ELEVTYP_F":0,"ELEVTYP_T":0},"geometry":{"type":"LineString","coordinates":[[-74.1777861421947,39.6547556544157],[-74.1782662918417,39.6541796019144],[-74.1784226765601,39.6539655537981],[-74.1784378636071,39.6538690360251]]}},{"type":"Feature","id":161674,"properties":{"OBJECTID":161674,"PRIMENAME":"North Barnegat Avenue","ELEVTYP_F":0,"ELEVTYP_T":0},"geometry":{"type":"LineString","coordinates":[[-74.168326864657,39.6663327048671],[-74.1684353474861,39.6662751669529],[-74.1688678912047,39.6657478606134]]}},{"type":"Feature","id":161700,"properties":{"OBJECTID":161700,"PRIMENAME":"North 3rd Street","ELEVTYP_F":0,"ELEVTYP_T":0},"geometry":{"type":"LineString","coordinates":[[-74.1743731216477,39.6587652547115],[-74.173987924861,39.6585781652964],[-74.1725703548663,39.6578878242594],[-74.1711679702048,39.6572069533441]]}},{"type":"Feature","id":161779,"properties":{"OBJECTID":161779,"PRIMENAME":"West 8th Street","ELEVTYP_F":0,"ELEVTYP_T":0},"geometry":{"type":"LineString","coordinates":[[-74.1767219171552,39.6503586193313],[-74.1783506017342,39.6511546763074],[-74.1789783702813,39.6514677559149],[-74.179996137085,39.6519477365557]]}},{"type":"Feature","id":162618,"properties":{"OBJECTID":162618,"PRIMENAME":"16th Street","ELEVTYP_F":0,"ELEVTYP_T":0},"geometry":{"type":"LineString","coordinates":[[-74.1631318342463,39.664659623521],[-74.1620531396382,39.6641373947416]]}},{"type":"Feature","id":162718,"properties":{"OBJECTID":162718,"PRIMENAME":"Ocean Terrace","ELEVTYP_F":0,"ELEVTYP_T":0},"geometry":{"type":"LineString","coordinates":[[-74.1592180048723,39.667948649361],[-74.1594545905959,39.6676404451579]]}},{"type":"Feature","id":162920,"properties":{"OBJECTID":162920,"PRIMENAME":"FR RT 72 WB to RT 72 EB","ELEVTYP_F":0,"ELEVTYP_T":0},"geometry":{"type":"LineString","coordinates":[[-74.1824183963748,39.6531788079846],[-74.1825199735323,39.6531678427501],[-74.1826211181064,39.6531547037369],[-74.182712626911,39.653140881088],[-74.1828036556646,39.6531252790654],[-74.1828344619535,39.6531183166485],[-74.1828645853894,39.6531097530158],[-74.1828938868653,39.6530996277133],[-74.1829222310703,39.6530879874986],[-74.1829494871141,39.6530748861252],[-74.1829755291316,39.6530603840938],[-74.1830002368641,39.6530445483733],[-74.183023496215,39.6530274520914]]}},{"type":"Feature","id":163267,"properties":{"OBJECTID":163267,"PRIMENAME":"Unnamed Segment","ELEVTYP_F":0,"ELEVTYP_T":0},"geometry":{"type":"LineString","coordinates":[[-74.1628553551307,39.666274340341],[-74.1632757950745,39.6657389759681],[-74.163365115782,39.6656192276331]]}},{"type":"Feature","id":164253,"properties":{"OBJECTID":164253,"PRIMENAME":"North 11th Street","ELEVTYP_F":0,"ELEVTYP_T":0},"geometry":{"type":"LineString","coordinates":[[-74.1703098898156,39.6637905355365],[-74.169994737436,39.6636390487978],[-74.1670856141773,39.6622279771349]]}},{"type":"Feature","id":165880,"properties":{"OBJECTID":165880,"PRIMENAME":"North 9th Street","ELEVTYP_F":0,"ELEVTYP_T":0},"geometry":{"type":"LineString","coordinates":[[-74.1680629626546,39.6610219482074],[-74.1685109567707,39.6612392731815],[-74.1705153702749,39.6622095888264],[-74.1712821900675,39.6625780142259]]}},{"type":"Feature","id":166458,"properties":{"OBJECTID":166458,"PRIMENAME":"16th Street","ELEVTYP_F":0,"ELEVTYP_T":0},"geometry":{"type":"LineString","coordinates":[[-74.1645528502248,39.6653443790528],[-74.1638684739849,39.6650151338029]]}},{"type":"Feature","id":166872,"properties":{"OBJECTID":166872,"PRIMENAME":"North Central Avenue","ELEVTYP_F":0,"ELEVTYP_T":0},"geometry":{"type":"LineString","coordinates":[[-74.1726443510713,39.6553711826714],[-74.1721418742003,39.6559929722332]]}},{"type":"Feature","id":167751,"properties":{"OBJECTID":167751,"PRIMENAME":"North Long Beach Boulevard","ELEVTYP_F":0,"ELEVTYP_T":0},"geometry":{"type":"LineString","coordinates":[[-74.1573161516438,39.6724697908657],[-74.157491714525,39.6722542601131]]}},{"type":"Feature","id":168503,"properties":{"OBJECTID":168503,"PRIMENAME":"Bayview Terrace","ELEVTYP_F":0,"ELEVTYP_T":0},"geometry":{"type":"LineString","coordinates":[[-74.1569876710663,39.6726400742003],[-74.1563314350541,39.6723320448332]]}},{"type":"Feature","id":168998,"properties":{"OBJECTID":168998,"PRIMENAME":"North Central Avenue","ELEVTYP_F":0,"ELEVTYP_T":0},"geometry":{"type":"LineString","coordinates":[[-74.1680629626546,39.6610219482074],[-74.1675783800723,39.6616208981567]]}},{"type":"Feature","id":169370,"properties":{"OBJECTID":169370,"PRIMENAME":"North Barnegat Avenue","ELEVTYP_F":0,"ELEVTYP_T":0},"geometry":{"type":"LineString","coordinates":[[-74.1688678912047,39.6657478606134],[-74.1690216110378,39.6655604228854],[-74.1693556735856,39.665144494815]]}},{"type":"Feature","id":169428,"properties":{"OBJECTID":169428,"PRIMENAME":"North 5th Street","ELEVTYP_F":0,"ELEVTYP_T":0},"geometry":{"type":"LineString","coordinates":[[-74.1733965393751,39.6601708570628],[-74.1733436269932,39.6601450374935],[-74.1732841592053,39.6601160143717]]}},{"type":"Feature","id":169441,"properties":{"OBJECTID":169441,"PRIMENAME":"Drexel Avenue","ELEVTYP_F":0,"ELEVTYP_T":0},"geometry":{"type":"LineString","coordinates":[[-74.1751030027601,39.6514060236713],[-74.1745972181396,39.652031878429]]}},{"type":"Feature","id":169646,"properties":{"OBJECTID":169646,"PRIMENAME":"22nd Street","ELEVTYP_F":0,"ELEVTYP_T":0},"geometry":{"type":"LineString","coordinates":[[-74.1628925268032,39.6697295739598],[-74.1615324810225,39.6690646623154]]}},{"type":"Feature","id":170609,"properties":{"OBJECTID":170609,"PRIMENAME":"Drexel Avenue","ELEVTYP_F":0,"ELEVTYP_T":0},"geometry":{"type":"LineString","coordinates":[[-74.1745972181396,39.652031878429],[-74.1740861137201,39.6526618063361]]}},{"type":"Feature","id":171126,"properties":{"OBJECTID":171126,"PRIMENAME":"North 4th Street","ELEVTYP_F":0,"ELEVTYP_T":0},"geometry":{"type":"LineString","coordinates":[[-74.1695831840184,39.6573466504987],[-74.1706355253813,39.6578581377108]]}},{"type":"Feature","id":171600,"properties":{"OBJECTID":171600,"PRIMENAME":"24th Street","ELEVTYP_F":0,"ELEVTYP_T":0},"geometry":{"type":"LineString","coordinates":[[-74.1605470349432,39.6702673426961],[-74.1613162238816,39.6706455595429]]}},{"type":"Feature","id":171678,"properties":{"OBJECTID":171678,"PRIMENAME":"13th Street","ELEVTYP_F":0,"ELEVTYP_T":0},"geometry":{"type":"LineString","coordinates":[[-74.1708401013803,39.6658591691009],[-74.1706786631939,39.6657814479187],[-74.1693556735856,39.665144494815]]}},{"type":"Feature","id":172305,"properties":{"OBJECTID":172305,"PRIMENAME":"Sherwood Way","ELEVTYP_F":0,"ELEVTYP_T":0},"geometry":{"type":"LineString","coordinates":[[-74.1584571517195,39.6710663116686],[-74.1594954290303,39.6715738526486],[-74.1609443445852,39.6722820964216]]}},{"type":"Feature","id":172306,"properties":{"OBJECTID":172306,"PRIMENAME":"22nd Street","ELEVTYP_F":0,"ELEVTYP_T":0},"geometry":{"type":"LineString","coordinates":[[-74.160482975289,39.6685628209485],[-74.1603353894095,39.6684926526663],[-74.1592180048723,39.667948649361]]}},{"type":"Feature","id":172762,"properties":{"OBJECTID":172762,"PRIMENAME":"North 17th Street","ELEVTYP_F":0,"ELEVTYP_T":0},"geometry":{"type":"LineString","coordinates":[[-74.163365115782,39.6656192276331],[-74.1630120847679,39.6654490529624]]}},{"type":"Feature","id":172833,"properties":{"OBJECTID":172833,"PRIMENAME":"Schoderer Lane","ELEVTYP_F":0,"ELEVTYP_T":0},"geometry":{"type":"LineString","coordinates":[[-74.1797606452066,39.6616486199392],[-74.1796356328353,39.6614738240544],[-74.1794663862444,39.6612702987191],[-74.1794259600143,39.6612244195173],[-74.1793706033482,39.6611813815186]]}},{"type":"Feature","id":173950,"properties":{"OBJECTID":173950,"PRIMENAME":"North 1st Street","ELEVTYP_F":0,"ELEVTYP_T":0},"geometry":{"type":"LineString","coordinates":[[-74.1787065432065,39.6591661442377],[-74.1757050268766,39.6577278234046],[-74.1754690018192,39.6576124288673]]}},{"type":"Feature","id":174308,"properties":{"OBJECTID":174308,"PRIMENAME":"18th Street","ELEVTYP_F":0,"ELEVTYP_T":0},"geometry":{"type":"LineString","coordinates":[[-74.1628553551307,39.666274340341],[-74.1624880544955,39.6660942386393]]}},{"type":"Feature","id":174786,"properties":{"OBJECTID":174786,"PRIMENAME":"West 4th Street","ELEVTYP_F":0,"ELEVTYP_T":0},"geometry":{"type":"LineString","coordinates":[[-74.1776812036207,39.6547057241089],[-74.1777861421947,39.6547556544157]]}},{"type":"Feature","id":176342,"properties":{"OBJECTID":176342,"PRIMENAME":"North 11th Street","ELEVTYP_F":0,"ELEVTYP_T":0},"geometry":{"type":"LineString","coordinates":[[-74.1670856141773,39.6622279771349],[-74.1667386215126,39.6620596703629],[-74.1660337538353,39.6617191770659]]}},{"type":"Feature","id":177625,"properties":{"OBJECTID":177625,"PRIMENAME":"16th Street","ELEVTYP_F":0,"ELEVTYP_T":0},"geometry":{"type":"LineString","coordinates":[[-74.1661193233925,39.666111872003],[-74.1645528502248,39.6653443790528]]}},{"type":"Feature","id":177694,"properties":{"OBJECTID":177694,"PRIMENAME":"North 22nd Street","ELEVTYP_F":0,"ELEVTYP_T":0},"geometry":{"type":"LineString","coordinates":[[-74.1630717573547,39.6698172091285],[-74.1628925268032,39.6697295739598]]}},{"type":"Feature","id":178059,"properties":{"OBJECTID":178059,"PRIMENAME":"14th Street","ELEVTYP_F":0,"ELEVTYP_T":0},"geometry":{"type":"LineString","coordinates":[[-74.1671021335607,39.664893102199],[-74.1668931314608,39.6647925934153],[-74.1655339504051,39.664137065195]]}},{"type":"Feature","id":178178,"properties":{"OBJECTID":178178,"PRIMENAME":"North Barnegat Avenue","ELEVTYP_F":0,"ELEVTYP_T":0},"geometry":{"type":"LineString","coordinates":[[-74.1754690018192,39.6576124288673],[-74.1759750178736,39.6569897846165]]}},{"type":"Feature","id":179633,"properties":{"OBJECTID":179633,"PRIMENAME":"Barnegat Avenue","ELEVTYP_F":0,"ELEVTYP_T":0},"geometry":{"type":"LineString","coordinates":[[-74.1799053409203,39.6520586529808],[-74.1798225449865,39.652159762274],[-74.1795151658537,39.6525312903387],[-74.1794191389959,39.6526516634463]]}},{"type":"Feature","id":179830,"properties":{"OBJECTID":179830,"PRIMENAME":"North Central Avenue","ELEVTYP_F":0,"ELEVTYP_T":0},"geometry":{"type":"LineString","coordinates":[[-74.1620215867749,39.6684628413089],[-74.1615722904845,39.6690168687687],[-74.1615324810225,39.6690646623154]]}},{"type":"Feature","id":180240,"properties":{"OBJECTID":180240,"PRIMENAME":"24th Street","ELEVTYP_F":0,"ELEVTYP_T":0},"geometry":{"type":"LineString","coordinates":[[-74.1613162238816,39.6706455595429],[-74.1620698616915,39.6710161488535]]}},{"type":"Feature","id":180374,"properties":{"OBJECTID":180374,"PRIMENAME":"North 17th Street","ELEVTYP_F":0,"ELEVTYP_T":0},"geometry":{"type":"LineString","coordinates":[[-74.1656329715911,39.6667131969688],[-74.1653045233381,39.6665554818895],[-74.1642449895745,39.6660432947932],[-74.1640581054126,39.6659532225143]]}},{"type":"Feature","id":180445,"properties":{"OBJECTID":180445,"PRIMENAME":"Unnamed Segment","ELEVTYP_F":0,"ELEVTYP_T":0},"geometry":{"type":"LineString","coordinates":[[-74.163365115782,39.6656192276331],[-74.1638684739849,39.6650151338029]]}},{"type":"Feature","id":180733,"properties":{"OBJECTID":180733,"PRIMENAME":"14th Street","ELEVTYP_F":0,"ELEVTYP_T":0},"geometry":{"type":"LineString","coordinates":[[-74.1655339504051,39.664137065195],[-74.1648444193694,39.6638027872563]]}},{"type":"Feature","id":181325,"properties":{"OBJECTID":181325,"PRIMENAME":"24th Street","ELEVTYP_F":0,"ELEVTYP_T":0},"geometry":{"type":"LineString","coordinates":[[-74.1620698616915,39.6710161488535],[-74.1626009646206,39.6712773086904]]}},{"type":"Feature","id":181579,"properties":{"OBJECTID":181579,"PRIMENAME":"Barnegat Avenue","ELEVTYP_F":0,"ELEVTYP_T":0},"geometry":{"type":"LineString","coordinates":[[-74.1794191389959,39.6526516634463],[-74.1789353544638,39.6532578575291]]}},{"type":"Feature","id":181672,"properties":{"OBJECTID":181672,"PRIMENAME":"North 9th Street","ELEVTYP_F":0,"ELEVTYP_T":0},"geometry":{"type":"LineString","coordinates":[[-74.1668389228374,39.6604277998209],[-74.1655001314647,39.6597753216364]]}},{"type":"Feature","id":184016,"properties":{"OBJECTID":184016,"PRIMENAME":"Shore Avenue","ELEVTYP_F":0,"ELEVTYP_T":0},"geometry":{"type":"LineString","coordinates":[[-74.1772224331522,39.6610309072185],[-74.176996142056,39.6612852338039],[-74.1769058388381,39.6613867253019]]}},{"type":"Feature","id":187924,"properties":{"OBJECTID":187924,"PRIMENAME":"North 7th Street","ELEVTYP_F":0,"ELEVTYP_T":0},"geometry":{"type":"LineString","coordinates":[[-74.1722716865988,39.6613727255714],[-74.1723287816277,39.6614003967765],[-74.1723743234033,39.6614224893846]]}},{"type":"Feature","id":188072,"properties":{"OBJECTID":188072,"PRIMENAME":"North 2nd Street","ELEVTYP_F":0,"ELEVTYP_T":0},"geometry":{"type":"LineString","coordinates":[[-74.1716521994466,39.6566020841972],[-74.1725521712369,39.6570440457304],[-74.1748649042404,39.6581593774282]]}},{"type":"Feature","id":188670,"properties":{"OBJECTID":188670,"PRIMENAME":"North 25th Street","ELEVTYP_F":0,"ELEVTYP_T":0},"geometry":{"type":"LineString","coordinates":[[-74.1608378489669,39.6712349989133],[-74.1608054319263,39.6712194508296],[-74.1600760192485,39.6708695957446]]}},{"type":"Feature","id":190304,"properties":{"OBJECTID":190304,"PRIMENAME":"North Central Avenue","ELEVTYP_F":0,"ELEVTYP_T":0},"geometry":{"type":"LineString","coordinates":[[-74.1660267385097,39.6635307893711],[-74.1655339504051,39.664137065195]]}},{"type":"Feature","id":190392,"properties":{"OBJECTID":190392,"PRIMENAME":"North 17th Street","ELEVTYP_F":0,"ELEVTYP_T":0},"geometry":{"type":"LineString","coordinates":[[-74.1630120847679,39.6654490529624],[-74.1626328654447,39.6652662535706]]}},{"type":"Feature","id":190886,"properties":{"OBJECTID":190886,"PRIMENAME":"Sunset Avenue","ELEVTYP_F":0,"ELEVTYP_T":0},"geometry":{"type":"LineString","coordinates":[[-74.1651064099675,39.667363328616],[-74.1648029552761,39.6677380129818],[-74.1645732464261,39.6680100347551]]}},{"type":"Feature","id":191448,"properties":{"OBJECTID":191448,"PRIMENAME":"East 3rd Street","ELEVTYP_F":0,"ELEVTYP_T":0},"geometry":{"type":"LineString","coordinates":[[-74.1730418022608,39.6529978891914],[-74.1736021772922,39.6532675930926]]}},{"type":"Feature","id":193424,"properties":{"OBJECTID":193424,"PRIMENAME":"Unnamed Segment","ELEVTYP_F":0,"ELEVTYP_T":0},"geometry":{"type":"LineString","coordinates":[[-74.1561527041144,39.6738998337093],[-74.1579934009041,39.6747787428068]]}},{"type":"Feature","id":193695,"properties":{"OBJECTID":193695,"PRIMENAME":"Long Beach Boulevard","ELEVTYP_F":0,"ELEVTYP_T":0},"geometry":{"type":"LineString","coordinates":[[-74.1730418022608,39.6529978891914],[-74.1729885900437,39.6530670637931],[-74.172811171853,39.6533321392478],[-74.1726781727697,39.6535246652753],[-74.1726006144051,39.6536272118453]]}},{"type":"Feature","id":193968,"properties":{"OBJECTID":193968,"PRIMENAME":"Sunset Avenue","ELEVTYP_F":0,"ELEVTYP_T":0},"geometry":{"type":"LineString","coordinates":[[-74.1645732464261,39.6680100347551],[-74.1640808700331,39.6686175949627]]}},{"type":"Feature","id":194472,"properties":{"OBJECTID":194472,"PRIMENAME":"South 2nd Street","ELEVTYP_F":0,"ELEVTYP_T":0},"geometry":{"type":"LineString","coordinates":[[-74.1713904238539,39.6530454217998],[-74.1726006144051,39.6536272118453]]}},{"type":"Feature","id":194506,"properties":{"OBJECTID":194506,"PRIMENAME":"North Central Avenue","ELEVTYP_F":0,"ELEVTYP_T":0},"geometry":{"type":"LineString","coordinates":[[-74.1625135153839,39.6678561667771],[-74.1620215867749,39.6684628413089]]}},{"type":"Feature","id":194797,"properties":{"OBJECTID":194797,"PRIMENAME":"North 6th Street","ELEVTYP_F":0,"ELEVTYP_T":0},"geometry":{"type":"LineString","coordinates":[[-74.1683061349055,39.6586091367691],[-74.1684880062803,39.6586973207235]]}},{"type":"Feature","id":194860,"properties":{"OBJECTID":194860,"PRIMENAME":"Drexel Avenue","ELEVTYP_F":0,"ELEVTYP_T":0},"geometry":{"type":"LineString","coordinates":[[-74.1720982792393,39.6551011299842],[-74.1715945271068,39.6557287892669]]}},{"type":"Feature","id":195696,"properties":{"OBJECTID":195696,"PRIMENAME":"Sunset Avenue","ELEVTYP_F":0,"ELEVTYP_T":0},"geometry":{"type":"LineString","coordinates":[[-74.163373287985,39.6691254171564],[-74.1628925268032,39.6697295739598]]}},{"type":"Feature","id":195886,"properties":{"OBJECTID":195886,"PRIMENAME":"Shore Avenue","ELEVTYP_F":0,"ELEVTYP_T":0},"geometry":{"type":"LineString","coordinates":[[-74.1822431002486,39.6548576018821],[-74.1826416085298,39.6543478318129],[-74.1827188941067,39.6542552438116]]}},{"type":"Feature","id":196082,"properties":{"OBJECTID":196082,"PRIMENAME":"Bay Vista Drive","ELEVTYP_F":0,"ELEVTYP_T":0},"geometry":{"type":"LineString","coordinates":[[-74.1620698616915,39.6710161488535],[-74.1618119891333,39.6713233297077]]}},{"type":"Feature","id":197188,"properties":{"OBJECTID":197188,"PRIMENAME":"15th Street","ELEVTYP_F":0,"ELEVTYP_T":0},"geometry":{"type":"LineString","coordinates":[[-74.1639972633862,39.664234488544],[-74.1643596154405,39.6644083118438]]}},{"type":"Feature","id":197296,"properties":{"OBJECTID":197296,"PRIMENAME":"14th Street","ELEVTYP_F":0,"ELEVTYP_T":0},"geometry":{"type":"LineString","coordinates":[[-74.1687634103679,39.6656963590162],[-74.1684068055721,39.6655204788205],[-74.1671021335607,39.664893102199]]}},{"type":"Feature","id":198737,"properties":{"OBJECTID":198737,"PRIMENAME":"North 3rd Street","ELEVTYP_F":0,"ELEVTYP_T":0},"geometry":{"type":"LineString","coordinates":[[-74.1701094458604,39.6566973746687],[-74.1690560448726,39.6561818991345],[-74.1685355518377,39.6559344702863]]}},{"type":"Feature","id":200181,"properties":{"OBJECTID":200181,"PRIMENAME":"North 6th Street","ELEVTYP_F":0,"ELEVTYP_T":0},"geometry":{"type":"LineString","coordinates":[[-74.1695319445689,39.659207859759],[-74.1701086513291,39.659485699356],[-74.1727627013457,39.6607642746643]]}},{"type":"Feature","id":203084,"properties":{"OBJECTID":203084,"PRIMENAME":"16th Street","ELEVTYP_F":0,"ELEVTYP_T":0},"geometry":{"type":"LineString","coordinates":[[-74.1678608329679,39.6669378308372],[-74.1661193233925,39.666111872003]]}},{"type":"Feature","id":204865,"properties":{"OBJECTID":204865,"PRIMENAME":"North 8th Street","ELEVTYP_F":0,"ELEVTYP_T":0},"geometry":{"type":"LineString","coordinates":[[-74.1673260520534,39.6598157360481],[-74.1662069897753,39.6592765721123],[-74.1659553082695,39.6591615798844]]}},{"type":"Feature","id":205087,"properties":{"OBJECTID":205087,"PRIMENAME":"West 4th Street","ELEVTYP_F":0,"ELEVTYP_T":0},"geometry":{"type":"LineString","coordinates":[[-74.1740861137201,39.6526618063361],[-74.1737522449763,39.6525036060004],[-74.1735226543793,39.6523914646425]]}},{"type":"Feature","id":205664,"properties":{"OBJECTID":205664,"PRIMENAME":"North Central Avenue","ELEVTYP_F":0,"ELEVTYP_T":0},"geometry":{"type":"LineString","coordinates":[[-74.1721418742003,39.6559929722332],[-74.1718688373043,39.6563308071495],[-74.1716521994466,39.6566020841972]]}},{"type":"Feature","id":207390,"properties":{"OBJECTID":207390,"PRIMENAME":"Unnamed Segment","ELEVTYP_F":0,"ELEVTYP_T":0},"geometry":{"type":"LineString","coordinates":[[-74.1631318342463,39.664659623521],[-74.1626328654447,39.6652662535706]]}},{"type":"Feature","id":207676,"properties":{"OBJECTID":207676,"PRIMENAME":"East 4th Street","ELEVTYP_F":0,"ELEVTYP_T":0},"geometry":{"type":"LineString","coordinates":[[-74.1735226543793,39.6523914646425],[-74.1719619939365,39.6516291649407]]}},{"type":"Feature","id":208562,"properties":{"OBJECTID":208562,"PRIMENAME":"North Central Avenue","ELEVTYP_F":0,"ELEVTYP_T":0},"geometry":{"type":"LineString","coordinates":[[-74.1670856141773,39.6622279771349],[-74.1665558957636,39.66287975436]]}},{"type":"Feature","id":209323,"properties":{"OBJECTID":209323,"PRIMENAME":"North 20th Street","ELEVTYP_F":0,"ELEVTYP_T":0},"geometry":{"type":"LineString","coordinates":[[-74.1638751473684,39.668520577126],[-74.1625135153839,39.6678561667771]]}},{"type":"Feature","id":209838,"properties":{"OBJECTID":209838,"PRIMENAME":"North 8th Street","ELEVTYP_F":0,"ELEVTYP_T":0},"geometry":{"type":"LineString","coordinates":[[-74.1718834367375,39.6620245696581],[-74.1718408011275,39.6620039947444],[-74.1717776437319,39.6619735057071]]}},{"type":"Feature","id":210800,"properties":{"OBJECTID":210800,"PRIMENAME":"Division Avenue","ELEVTYP_F":0,"ELEVTYP_T":0},"geometry":{"type":"LineString","coordinates":[[-74.1720982792393,39.6551011299842],[-74.1726443510713,39.6553711826714]]}},{"type":"Feature","id":213743,"properties":{"OBJECTID":213743,"PRIMENAME":"Unnamed Segment","ELEVTYP_F":0,"ELEVTYP_T":0},"geometry":{"type":"LineString","coordinates":[[-74.1638684739849,39.6650151338029],[-74.1643596154405,39.6644083118438]]}},{"type":"Feature","id":214489,"properties":{"OBJECTID":214489,"PRIMENAME":"North Barnegat Avenue","ELEVTYP_F":0,"ELEVTYP_T":0},"geometry":{"type":"LineString","coordinates":[[-74.1693556735856,39.665144494815],[-74.1698818477523,39.6644894000099]]}},{"type":"Feature","id":214679,"properties":{"OBJECTID":214679,"PRIMENAME":"Shore Avenue","ELEVTYP_F":0,"ELEVTYP_T":0},"geometry":{"type":"LineString","coordinates":[[-74.1782194732327,39.6597802603034],[-74.1779513405367,39.6601513150245],[-74.1777545938036,39.6604022868469]]}},{"type":"Feature","id":215234,"properties":{"OBJECTID":215234,"PRIMENAME":"Shore Avenue","ELEVTYP_F":0,"ELEVTYP_T":0},"geometry":{"type":"LineString","coordinates":[[-74.1777545938036,39.6604022868469],[-74.1775530580999,39.660659285527],[-74.1772224331522,39.6610309072185]]}},{"type":"Feature","id":215989,"properties":{"OBJECTID":215989,"PRIMENAME":"Windward Road","ELEVTYP_F":0,"ELEVTYP_T":0},"geometry":{"type":"LineString","coordinates":[[-74.1588888690563,39.6738491181085],[-74.1588779042587,39.6738175395574],[-74.1588483650363,39.673791672196],[-74.156974008089,39.6728898230729]]}},{"type":"Feature","id":216992,"properties":{"OBJECTID":216992,"PRIMENAME":"North 6th Street","ELEVTYP_F":0,"ELEVTYP_T":0},"geometry":{"type":"LineString","coordinates":[[-74.1684880062803,39.6586973207235],[-74.1690386432012,39.6589666069723]]}},{"type":"Feature","id":217772,"properties":{"OBJECTID":217772,"PRIMENAME":"23rd Street","ELEVTYP_F":0,"ELEVTYP_T":0},"geometry":{"type":"LineString","coordinates":[[-74.1610269667951,39.6696708812449],[-74.1622343078125,39.6702519453991]]}},{"type":"Feature","id":218377,"properties":{"OBJECTID":218377,"PRIMENAME":"North 20th Street","ELEVTYP_F":0,"ELEVTYP_T":0},"geometry":{"type":"LineString","coordinates":[[-74.1640808700331,39.6686175949627],[-74.1638751473684,39.668520577126]]}},{"type":"Feature","id":223341,"properties":{"OBJECTID":223341,"PRIMENAME":"North Barnegat Avenue","ELEVTYP_F":0,"ELEVTYP_T":0},"geometry":{"type":"LineString","coordinates":[[-74.1749795903145,39.6582146367059],[-74.1754690018192,39.6576124288673]]}},{"type":"Feature","id":224056,"properties":{"OBJECTID":224056,"PRIMENAME":"Long Beach Boulevard","ELEVTYP_F":0,"ELEVTYP_T":0},"geometry":{"type":"LineString","coordinates":[[-74.1726006144051,39.6536272118453],[-74.1725599414912,39.6536809645217],[-74.1721124824222,39.6542299052437]]}},{"type":"Feature","id":224878,"properties":{"OBJECTID":224878,"PRIMENAME":"Sunset Avenue","ELEVTYP_F":0,"ELEVTYP_T":0},"geometry":{"type":"LineString","coordinates":[[-74.1605149718084,39.6660421503195],[-74.1615847291742,39.6665618621863]]}},{"type":"Feature","id":224970,"properties":{"OBJECTID":224970,"PRIMENAME":"South Barnegat Avenue","ELEVTYP_F":0,"ELEVTYP_T":0},"geometry":{"type":"LineString","coordinates":[[-74.1759750178736,39.6569897846165],[-74.1761787214039,39.6567391638304],[-74.1764886505019,39.65635395234]]}},{"type":"Feature","id":225208,"properties":{"OBJECTID":225208,"PRIMENAME":"North Barnegat Avenue","ELEVTYP_F":0,"ELEVTYP_T":0},"geometry":{"type":"LineString","coordinates":[[-74.1733965393751,39.6601708570628],[-74.1739532453063,39.6594802741868]]}},{"type":"Feature","id":226191,"properties":{"OBJECTID":226191,"PRIMENAME":"Division Avenue","ELEVTYP_F":0,"ELEVTYP_T":0},"geometry":{"type":"LineString","coordinates":[[-74.1716022461239,39.6548558159957],[-74.1720982792393,39.6551011299842]]}},{"type":"Feature","id":228454,"properties":{"OBJECTID":228454,"PRIMENAME":"12th Street","ELEVTYP_F":0,"ELEVTYP_T":0},"geometry":{"type":"LineString","coordinates":[[-74.1575298047889,39.6719751094739],[-74.1569201532439,39.6716593121054]]}},{"type":"Feature","id":229656,"properties":{"OBJECTID":229656,"PRIMENAME":"North 4th Street","ELEVTYP_F":0,"ELEVTYP_T":0},"geometry":{"type":"LineString","coordinates":[[-74.1680402372994,39.6566022498707],[-74.1695831840184,39.6573466504987]]}},{"type":"Feature","id":229865,"properties":{"OBJECTID":229865,"PRIMENAME":"Sunset Avenue","ELEVTYP_F":0,"ELEVTYP_T":0},"geometry":{"type":"LineString","coordinates":[[-74.1645732464261,39.6680100347551],[-74.1655395449089,39.6684808504391]]}},{"type":"Feature","id":230519,"properties":{"OBJECTID":230519,"PRIMENAME":"North 5th Street","ELEVTYP_F":0,"ELEVTYP_T":0},"geometry":{"type":"LineString","coordinates":[[-74.1690145715845,39.6580481058449],[-74.1688467712788,39.6579666338585]]}},{"type":"Feature","id":231930,"properties":{"OBJECTID":231930,"PRIMENAME":"Division Avenue","ELEVTYP_F":0,"ELEVTYP_T":0},"geometry":{"type":"LineString","coordinates":[[-74.1758582450588,39.6569329558665],[-74.1759242332076,39.6569650701739],[-74.1759750178736,39.6569897846165]]}},{"type":"Feature","id":232285,"properties":{"OBJECTID":232285,"PRIMENAME":"23rd Street","ELEVTYP_F":0,"ELEVTYP_T":0},"geometry":{"type":"LineString","coordinates":[[-74.1585201907336,39.6684441158593],[-74.1599970093933,39.6691587140427]]}},{"type":"Feature","id":232993,"properties":{"OBJECTID":232993,"PRIMENAME":"15th Street","ELEVTYP_F":0,"ELEVTYP_T":0},"geometry":{"type":"LineString","coordinates":[[-74.1636200352533,39.6640519178885],[-74.1639972633862,39.664234488544]]}},{"type":"Feature","id":233106,"properties":{"OBJECTID":233106,"PRIMENAME":"North 10th Street","ELEVTYP_F":0,"ELEVTYP_T":0},"geometry":{"type":"LineString","coordinates":[[-74.1707945013033,39.6631839963926],[-74.1708532631242,39.6632125521816],[-74.1708970680969,39.6632338711921]]}},{"type":"Feature","id":234601,"properties":{"OBJECTID":234601,"PRIMENAME":"Unnamed Segment","ELEVTYP_F":0,"ELEVTYP_T":0},"geometry":{"type":"LineString","coordinates":[[-74.1554409628959,39.6747764594625],[-74.1571224683804,39.6756286059165]]}},{"type":"Feature","id":234952,"properties":{"OBJECTID":234952,"PRIMENAME":"Sunset Avenue","ELEVTYP_F":0,"ELEVTYP_T":0},"geometry":{"type":"LineString","coordinates":[[-74.1675895074289,39.6642881491274],[-74.1671021335607,39.664893102199]]}},{"type":"Feature","id":235060,"properties":{"OBJECTID":235060,"PRIMENAME":"North Long Beach Boulevard","ELEVTYP_F":0,"ELEVTYP_T":0},"geometry":{"type":"LineString","coordinates":[[-74.156974008089,39.6728898230729],[-74.1571313934647,39.672696610421],[-74.1573161516438,39.6724697908657]]}},{"type":"Feature","id":235482,"properties":{"OBJECTID":235482,"PRIMENAME":"North 7th Street","ELEVTYP_F":0,"ELEVTYP_T":0},"geometry":{"type":"LineString","coordinates":[[-74.1723743234033,39.6614224893846],[-74.1725191002759,39.6614926336288],[-74.1742936184082,39.6623614199115]]}},{"type":"Feature","id":236020,"properties":{"OBJECTID":236020,"PRIMENAME":"Ocean Terrace","ELEVTYP_F":0,"ELEVTYP_T":0},"geometry":{"type":"LineString","coordinates":[[-74.1620531396382,39.6641373947416],[-74.1619296446106,39.6642863362281],[-74.161564821148,39.6647514356642]]}},{"type":"Feature","id":236298,"properties":{"OBJECTID":236298,"PRIMENAME":"East 3rd Street","ELEVTYP_F":0,"ELEVTYP_T":0},"geometry":{"type":"LineString","coordinates":[[-74.1774660611249,39.6551476654693],[-74.1796863928091,39.6562108502603],[-74.1800287538212,39.6563873765501],[-74.1801994594868,39.6564753943521]]}},{"type":"Feature","id":236312,"properties":{"OBJECTID":236312,"PRIMENAME":"North 10th Street","ELEVTYP_F":0,"ELEVTYP_T":0},"geometry":{"type":"LineString","coordinates":[[-74.1665255959429,39.6611131717569],[-74.166731678494,39.6612125189994],[-74.1675783800723,39.6616208981567]]}},{"type":"Feature","id":236468,"properties":{"OBJECTID":236468,"PRIMENAME":"North Central Avenue","ELEVTYP_F":0,"ELEVTYP_T":0},"geometry":{"type":"LineString","coordinates":[[-74.1675783800723,39.6616208981567],[-74.1674441270003,39.6617868652876],[-74.1670856141773,39.6622279771349]]}},{"type":"Feature","id":238223,"properties":{"OBJECTID":238223,"PRIMENAME":"South 2nd Street","ELEVTYP_F":0,"ELEVTYP_T":0},"geometry":{"type":"LineString","coordinates":[[-74.1736466864995,39.6541351945623],[-74.1741451467913,39.6543708153717],[-74.1764928657292,39.6555184730885],[-74.1768643438357,39.6556974723197]]}},{"type":"Feature","id":239947,"properties":{"OBJECTID":239947,"PRIMENAME":"North 7th Street","ELEVTYP_F":0,"ELEVTYP_T":0},"geometry":{"type":"LineString","coordinates":[[-74.1690445730491,39.6598085105479],[-74.1695199789027,39.6600389545846],[-74.1722716865988,39.6613727255714]]}},{"type":"Feature","id":242657,"properties":{"OBJECTID":242657,"PRIMENAME":"North Long Beach Boulevard","ELEVTYP_F":0,"ELEVTYP_T":0},"geometry":{"type":"LineString","coordinates":[[-74.1587971250128,39.6706414170748],[-74.1588613772769,39.6705611158478],[-74.1590340177387,39.6703697666675]]}},{"type":"Feature","id":243870,"properties":{"OBJECTID":243870,"PRIMENAME":"North 7th Street","ELEVTYP_F":0,"ELEVTYP_T":0},"geometry":{"type":"LineString","coordinates":[[-74.1678151163076,39.6592134507424],[-74.167996305344,39.6593034179136]]}},{"type":"Feature","id":245207,"properties":{"OBJECTID":245207,"PRIMENAME":"North 4th Street","ELEVTYP_F":0,"ELEVTYP_T":0},"geometry":{"type":"LineString","coordinates":[[-74.1738413305175,39.659424747857],[-74.1739041278506,39.6594559211521],[-74.1739532453063,39.6594802741868]]}},{"type":"Feature","id":246084,"properties":{"OBJECTID":246084,"PRIMENAME":"North Central Avenue","ELEVTYP_F":0,"ELEVTYP_T":0},"geometry":{"type":"LineString","coordinates":[[-74.1635301517882,39.6666027944992],[-74.1633834821813,39.6667833266056],[-74.1630048268674,39.6672502296208]]}},{"type":"Feature","id":246591,"properties":{"OBJECTID":246591,"PRIMENAME":"25th Street","ELEVTYP_F":0,"ELEVTYP_T":0},"geometry":{"type":"LineString","coordinates":[[-74.1589021426418,39.6703123821333],[-74.1578447767512,39.6697953918299],[-74.1576630471219,39.669706535121]]}},{"type":"Feature","id":246930,"properties":{"OBJECTID":246930,"PRIMENAME":"North 3rd Street","ELEVTYP_F":0,"ELEVTYP_T":0},"geometry":{"type":"LineString","coordinates":[[-74.1777545938036,39.6604022868469],[-74.1774064914011,39.6602321694405],[-74.1760848250229,39.6595964436827],[-74.1744872391118,39.6588206227691]]}},{"type":"Feature","id":248474,"properties":{"OBJECTID":248474,"PRIMENAME":"Shore Avenue","ELEVTYP_F":0,"ELEVTYP_T":0},"geometry":{"type":"LineString","coordinates":[[-74.1789563080959,39.6588785824798],[-74.1787065432065,39.6591661442377]]}},{"type":"Feature","id":248548,"properties":{"OBJECTID":248548,"PRIMENAME":"North 8th Street","ELEVTYP_F":0,"ELEVTYP_T":0},"geometry":{"type":"LineString","coordinates":[[-74.1717776437319,39.6619735057071],[-74.1696299571397,39.6609366101916],[-74.1690418369424,39.6606504226363],[-74.1685551115469,39.6604135732846]]}},{"type":"Feature","id":248931,"properties":{"OBJECTID":248931,"PRIMENAME":"18th Street","ELEVTYP_F":0,"ELEVTYP_T":0},"geometry":{"type":"LineString","coordinates":[[-74.1651064099675,39.667363328616],[-74.1635301517882,39.6666027944992]]}},{"type":"Feature","id":249046,"properties":{"OBJECTID":249046,"PRIMENAME":"North 12th Street","ELEVTYP_F":0,"ELEVTYP_T":0},"geometry":{"type":"LineString","coordinates":[[-74.1576871196806,39.6720143671155],[-74.1583834351615,39.6723530433458],[-74.1595344902828,39.6729118858679]]}},{"type":"Feature","id":250176,"properties":{"OBJECTID":250176,"PRIMENAME":"Unnamed Segment","ELEVTYP_F":0,"ELEVTYP_T":0},"geometry":{"type":"LineString","coordinates":[[-74.1626328654447,39.6652662535706],[-74.1621142341046,39.6659109308204]]}},{"type":"Feature","id":250261,"properties":{"OBJECTID":250261,"PRIMENAME":"North Barnegat Avenue","ELEVTYP_F":0,"ELEVTYP_T":0},"geometry":{"type":"LineString","coordinates":[[-74.172870371352,39.6608161933314],[-74.1730023268778,39.6606597957001],[-74.1733965393751,39.6601708570628]]}},{"type":"Feature","id":251249,"properties":{"OBJECTID":251249,"PRIMENAME":"15th Street","ELEVTYP_F":0,"ELEVTYP_T":0},"geometry":{"type":"LineString","coordinates":[[-74.1650459776442,39.664737532033],[-74.166609639862,39.6655044896934]]}},{"type":"Feature","id":251771,"properties":{"OBJECTID":251771,"PRIMENAME":"North Long Beach Boulevard","ELEVTYP_F":0,"ELEVTYP_T":0},"geometry":{"type":"LineString","coordinates":[[-74.157491714525,39.6722542601131],[-74.1575035659738,39.6722397099877],[-74.1576871196806,39.6720143671155]]}},{"type":"Feature","id":252384,"properties":{"OBJECTID":252384,"PRIMENAME":"Ocean Terrace","ELEVTYP_F":0,"ELEVTYP_T":0},"geometry":{"type":"LineString","coordinates":[[-74.1635525397224,39.6623234437701],[-74.1633330906247,39.6625630414085],[-74.1630372672897,39.6629266786737]]}},{"type":"Feature","id":252526,"properties":{"OBJECTID":252526,"PRIMENAME":"North Barnegat Avenue","ELEVTYP_F":0,"ELEVTYP_T":0},"geometry":{"type":"LineString","coordinates":[[-74.1704083495542,39.6638378184281],[-74.1708970680969,39.6632338711921]]}},{"type":"Feature","id":252627,"properties":{"OBJECTID":252627,"PRIMENAME":"North Barnegat Avenue","ELEVTYP_F":0,"ELEVTYP_T":0},"geometry":{"type":"LineString","coordinates":[[-74.1713895452895,39.6626295766599],[-74.1717853228401,39.6621449582511],[-74.1718834367375,39.6620245696581]]}},{"type":"Feature","id":253432,"properties":{"OBJECTID":253432,"PRIMENAME":"14th Street","ELEVTYP_F":0,"ELEVTYP_T":0},"geometry":{"type":"LineString","coordinates":[[-74.1648444193694,39.6638027872563],[-74.1644862244153,39.6636291423015]]}},{"type":"Feature","id":253833,"properties":{"OBJECTID":253833,"PRIMENAME":"West 5th Street","ELEVTYP_F":0,"ELEVTYP_T":0},"geometry":{"type":"LineString","coordinates":[[-74.1784378636071,39.6538690360251],[-74.1796701498275,39.6544583637731],[-74.1812058580702,39.6552104153236],[-74.1816267618326,39.6554032076461],[-74.1816821766244,39.6554176356909],[-74.1817302555133,39.6554206778033],[-74.1817767180254,39.6554120470067],[-74.1818217107778,39.6553833972512]]}},{"type":"Feature","id":255171,"properties":{"OBJECTID":255171,"PRIMENAME":"25th Street","ELEVTYP_F":0,"ELEVTYP_T":0},"geometry":{"type":"LineString","coordinates":[[-74.1600760192485,39.6708695957446],[-74.1590340177387,39.6703697666675]]}},{"type":"Feature","id":255260,"properties":{"OBJECTID":255260,"PRIMENAME":"North 24th Street","ELEVTYP_F":0,"ELEVTYP_T":0},"geometry":{"type":"LineString","coordinates":[[-74.1580730264418,39.6690858554986],[-74.159486649243,39.6697650489674]]}},{"type":"Feature","id":256044,"properties":{"OBJECTID":256044,"PRIMENAME":"North 17th Street","ELEVTYP_F":0,"ELEVTYP_T":0},"geometry":{"type":"LineString","coordinates":[[-74.1626328654447,39.6652662535706],[-74.161564821148,39.6647514356642]]}},{"type":"Feature","id":256669,"properties":{"OBJECTID":256669,"PRIMENAME":"North Ocean Avenue","ELEVTYP_F":0,"ELEVTYP_T":0},"geometry":{"type":"LineString","coordinates":[[-74.1610472924157,39.6653877109301],[-74.1605149718084,39.6660421503195]]}},{"type":"Feature","id":258720,"properties":{"OBJECTID":258720,"PRIMENAME":"20th Street","ELEVTYP_F":0,"ELEVTYP_T":0},"geometry":{"type":"LineString","coordinates":[[-74.1614714017553,39.6673486449208],[-74.1600703637881,39.6666736574961]]}},{"type":"Feature","id":259783,"properties":{"OBJECTID":259783,"PRIMENAME":"14th Street","ELEVTYP_F":0,"ELEVTYP_T":0},"geometry":{"type":"LineString","coordinates":[[-74.1688678912047,39.6657478606134],[-74.1688200099886,39.6657242503009],[-74.1687634103679,39.6656963590162]]}},{"type":"Feature","id":261905,"properties":{"OBJECTID":261905,"PRIMENAME":"13th Street","ELEVTYP_F":0,"ELEVTYP_T":0},"geometry":{"type":"LineString","coordinates":[[-74.1635525397224,39.6623234437701],[-74.1633753319383,39.6622399883383]]}},{"type":"Feature","id":262179,"properties":{"OBJECTID":262179,"PRIMENAME":"Barnegat Avenue","ELEVTYP_F":0,"ELEVTYP_T":0},"geometry":{"type":"LineString","coordinates":[[-74.179996137085,39.6519477365557],[-74.1799053409203,39.6520586529808]]}},{"type":"Feature","id":262353,"properties":{"OBJECTID":262353,"PRIMENAME":"16th Street","ELEVTYP_F":0,"ELEVTYP_T":0},"geometry":{"type":"LineString","coordinates":[[-74.1638684739849,39.6650151338029],[-74.16350654674,39.6648410354855]]}},{"type":"Feature","id":262850,"properties":{"OBJECTID":262850,"PRIMENAME":"6th Street","ELEVTYP_F":0,"ELEVTYP_T":0},"geometry":{"type":"LineString","coordinates":[[-74.1748064938477,39.6617569995117],[-74.1751349583911,39.661916750634]]}},{"type":"Feature","id":263190,"properties":{"OBJECTID":263190,"PRIMENAME":"South 1st Street","ELEVTYP_F":0,"ELEVTYP_T":0},"geometry":{"type":"LineString","coordinates":[[-74.1772696431655,39.6567306415924],[-74.1764886505019,39.65635395234]]}},{"type":"Feature","id":264069,"properties":{"OBJECTID":264069,"PRIMENAME":"Division Avenue","ELEVTYP_F":0,"ELEVTYP_T":0},"geometry":{"type":"LineString","coordinates":[[-74.1700537789047,39.6541141447307],[-74.1716022461239,39.6548558159957]]}},{"type":"Feature","id":266713,"properties":{"OBJECTID":266713,"PRIMENAME":"18th Street","ELEVTYP_F":0,"ELEVTYP_T":0},"geometry":{"type":"LineString","coordinates":[[-74.1658835296132,39.667738271207],[-74.1651064099675,39.667363328616]]}},{"type":"Feature","id":267351,"properties":{"OBJECTID":267351,"PRIMENAME":"Sunset Avenue","ELEVTYP_F":0,"ELEVTYP_T":0},"geometry":{"type":"LineString","coordinates":[[-74.1619609342681,39.6667446291697],[-74.1623232091156,39.666921340963]]}},{"type":"Feature","id":267696,"properties":{"OBJECTID":267696,"PRIMENAME":"North 9th Street","ELEVTYP_F":0,"ELEVTYP_T":0},"geometry":{"type":"LineString","coordinates":[[-74.1670136710943,39.6605129724016],[-74.1668389228374,39.6604277998209]]}},{"type":"Feature","id":270780,"properties":{"OBJECTID":270780,"PRIMENAME":"North Barnegat Avenue","ELEVTYP_F":0,"ELEVTYP_T":0},"geometry":{"type":"LineString","coordinates":[[-74.1698818477523,39.6644894000099],[-74.1699875882357,39.6643577230132],[-74.1704083495542,39.6638378184281]]}},{"type":"Feature","id":271802,"properties":{"OBJECTID":271802,"PRIMENAME":"North 11th Street","ELEVTYP_F":0,"ELEVTYP_T":0},"geometry":{"type":"LineString","coordinates":[[-74.1704083495542,39.6638378184281],[-74.1703644011284,39.6638167177127],[-74.1703098898156,39.6637905355365]]}},{"type":"Feature","id":272173,"properties":{"OBJECTID":272173,"PRIMENAME":"South Central Avenue","ELEVTYP_F":0,"ELEVTYP_T":0},"geometry":{"type":"LineString","coordinates":[[-74.1736466864995,39.6541351945623],[-74.1735361217407,39.6542701835994],[-74.1731591073759,39.6547347366992]]}},{"type":"Feature","id":272360,"properties":{"OBJECTID":272360,"PRIMENAME":"North Central Avenue","ELEVTYP_F":0,"ELEVTYP_T":0},"geometry":{"type":"LineString","coordinates":[[-74.1706355253813,39.6578581377108],[-74.170064089154,39.6585570364782]]}},{"type":"Feature","id":272673,"properties":{"OBJECTID":272673,"PRIMENAME":"North 2nd Street","ELEVTYP_F":0,"ELEVTYP_T":0},"geometry":{"type":"LineString","coordinates":[[-74.1749795903145,39.6582146367059],[-74.1751768869763,39.658309799131],[-74.1782194732327,39.6597802603034]]}},{"type":"Feature","id":273127,"properties":{"OBJECTID":273127,"PRIMENAME":"North 11th Street","ELEVTYP_F":0,"ELEVTYP_T":0},"geometry":{"type":"LineString","coordinates":[[-74.1660337538353,39.6617191770659],[-74.1644276357957,39.6609433584511]]}},{"type":"Feature","id":273628,"properties":{"OBJECTID":273628,"PRIMENAME":"North Central Avenue","ELEVTYP_F":0,"ELEVTYP_T":0},"geometry":{"type":"LineString","coordinates":[[-74.1716521994466,39.6566020841972],[-74.1712174875683,39.6571463624311],[-74.1711679702048,39.6572069533441]]}},{"type":"Feature","id":273970,"properties":{"OBJECTID":273970,"PRIMENAME":"North Central Avenue","ELEVTYP_F":0,"ELEVTYP_T":0},"geometry":{"type":"LineString","coordinates":[[-74.1610269667951,39.6696708812449],[-74.1608339921011,39.6699022866221],[-74.1605470349432,39.6702673426961]]}},{"type":"Feature","id":274162,"properties":{"OBJECTID":274162,"PRIMENAME":"Unnamed Segment","ELEVTYP_F":0,"ELEVTYP_T":0},"geometry":{"type":"LineString","coordinates":[[-74.1581314194953,39.6712356984101],[-74.1569084358821,39.6706290441427]]}},{"type":"Feature","id":274252,"properties":{"OBJECTID":274252,"PRIMENAME":"FR RT 72 WB to FIFTH ST","ELEVTYP_F":0,"ELEVTYP_T":0},"geometry":{"type":"LineString","coordinates":[[-74.1818273442763,39.6529769862722],[-74.1819625266329,39.6530526949361],[-74.1820993833922,39.6531265843837],[-74.1822378735882,39.6531986324943],[-74.1823779557654,39.6532688176986],[-74.182503776463,39.6533296235018],[-74.1826307921402,39.6533889263722],[-74.183177426694,39.653646940253],[-74.183225608707,39.6536697708566]]}},{"type":"Feature","id":275354,"properties":{"OBJECTID":275354,"PRIMENAME":"Barnegat Avenue","ELEVTYP_F":0,"ELEVTYP_T":0},"geometry":{"type":"LineString","coordinates":[[-74.1678608329679,39.6669378308372],[-74.1676955585485,39.6671331416814],[-74.1675701570899,39.6672513065052],[-74.1674055139748,39.6673666412309],[-74.1673017486171,39.6674325110937],[-74.1672445321804,39.6674516477432],[-74.1671872120703,39.6674552180493]]}},{"type":"Feature","id":276223,"properties":{"OBJECTID":276223,"PRIMENAME":"Sunset Avenue","ELEVTYP_F":0,"ELEVTYP_T":0},"geometry":{"type":"LineString","coordinates":[[-74.1615847291742,39.6665618621863],[-74.1619609342681,39.6667446291697]]}},{"type":"Feature","id":277335,"properties":{"OBJECTID":277335,"PRIMENAME":"West 4th Street","ELEVTYP_F":0,"ELEVTYP_T":0},"geometry":{"type":"LineString","coordinates":[[-74.1746414415075,39.6529249299317],[-74.1740861137201,39.6526618063361]]}},{"type":"Feature","id":278072,"properties":{"OBJECTID":278072,"PRIMENAME":"Drexel Avenue","ELEVTYP_F":0,"ELEVTYP_T":0},"geometry":{"type":"LineString","coordinates":[[-74.1740861137201,39.6526618063361],[-74.1736021772922,39.6532675930926]]}},{"type":"Feature","id":278678,"properties":{"OBJECTID":278678,"PRIMENAME":"South Central Avenue","ELEVTYP_F":0,"ELEVTYP_T":0},"geometry":{"type":"LineString","coordinates":[[-74.1731591073759,39.6547347366992],[-74.1730498568444,39.6548693722538],[-74.1726443510713,39.6553711826714]]}},{"type":"Feature","id":278850,"properties":{"OBJECTID":278850,"PRIMENAME":"North 1st Street","ELEVTYP_F":0,"ELEVTYP_T":0},"geometry":{"type":"LineString","coordinates":[[-74.1753538957432,39.6575561537365],[-74.1733166720923,39.6565600209275],[-74.1729394655693,39.6563779541837],[-74.1721418742003,39.6559929722332]]}},{"type":"Feature","id":280843,"properties":{"OBJECTID":280843,"PRIMENAME":"North 9th Street","ELEVTYP_F":0,"ELEVTYP_T":0},"geometry":{"type":"LineString","coordinates":[[-74.1713895452895,39.6626295766599],[-74.1716694671762,39.6627640473826],[-74.1745596402141,39.6641751619288],[-74.1746675161231,39.6642278298177]]}},{"type":"Feature","id":286777,"properties":{"OBJECTID":286777,"PRIMENAME":"North Central Avenue","ELEVTYP_F":0,"ELEVTYP_T":0},"geometry":{"type":"LineString","coordinates":[[-74.1630048268674,39.6672502296208],[-74.1625135153839,39.6678561667771]]}},{"type":"Feature","id":287977,"properties":{"OBJECTID":287977,"PRIMENAME":"Barnegat Avenue","ELEVTYP_F":0,"ELEVTYP_T":0},"geometry":{"type":"LineString","coordinates":[[-74.1804723313576,39.6513660897969],[-74.179996137085,39.6519477365557]]}},{"type":"Feature","id":288737,"properties":{"OBJECTID":288737,"PRIMENAME":"Bay Terrace","ELEVTYP_F":0,"ELEVTYP_T":0},"geometry":{"type":"LineString","coordinates":[[-74.1777558702085,39.6561270702401],[-74.1773679455491,39.6566086174775],[-74.1772696431655,39.6567306415924]]}},{"type":"Feature","id":289593,"properties":{"OBJECTID":289593,"PRIMENAME":"North 12th Street","ELEVTYP_F":0,"ELEVTYP_T":0},"geometry":{"type":"LineString","coordinates":[[-74.169781831761,39.6644406025786],[-74.1698375100933,39.6644677494281],[-74.1698818477523,39.6644894000099]]}},{"type":"Feature","id":290218,"properties":{"OBJECTID":290218,"PRIMENAME":"Unnamed Segment","ELEVTYP_F":0,"ELEVTYP_T":0},"geometry":{"type":"LineString","coordinates":[[-74.1643596154405,39.6644083118438],[-74.1648444193694,39.6638027872563]]}},{"type":"Feature","id":295013,"properties":{"OBJECTID":295013,"PRIMENAME":"Division Avenue","ELEVTYP_F":0,"ELEVTYP_T":0},"geometry":{"type":"LineString","coordinates":[[-74.1726443510713,39.6553711826714],[-74.1734282439938,39.6557510396983],[-74.173778377806,39.6559207055268],[-74.1758582450588,39.6569329558665]]}},{"type":"Feature","id":296316,"properties":{"OBJECTID":296316,"PRIMENAME":"Shore Avenue","ELEVTYP_F":0,"ELEVTYP_T":0},"geometry":{"type":"LineString","coordinates":[[-74.1787065432065,39.6591661442377],[-74.178220254646,39.6597879216345],[-74.1782194732327,39.6597802603034]]}},{"type":"Feature","id":296503,"properties":{"OBJECTID":296503,"PRIMENAME":"North 5th Street","ELEVTYP_F":0,"ELEVTYP_T":0},"geometry":{"type":"LineString","coordinates":[[-74.1761834495078,39.6615183376918],[-74.1760169456814,39.6614381452742],[-74.174230450694,39.6605776962376],[-74.1733965393751,39.6601708570628]]}},{"type":"Feature","id":296647,"properties":{"OBJECTID":296647,"PRIMENAME":"North Long Beach Boulevard","ELEVTYP_F":0,"ELEVTYP_T":0},"geometry":{"type":"LineString","coordinates":[[-74.1584571517195,39.6710663116686],[-74.1587971250128,39.6706414170748]]}},{"type":"Feature","id":297901,"properties":{"OBJECTID":297901,"PRIMENAME":"North Long Beach Boulevard","ELEVTYP_F":0,"ELEVTYP_T":0},"geometry":{"type":"LineString","coordinates":[[-74.1701094458604,39.6566973746687],[-74.1695831840184,39.6573466504987]]}},{"type":"Feature","id":299818,"properties":{"OBJECTID":299818,"PRIMENAME":"North 17th Street","ELEVTYP_F":0,"ELEVTYP_T":0},"geometry":{"type":"LineString","coordinates":[[-74.1640581054126,39.6659532225143],[-74.163365115782,39.6656192276331]]}},{"type":"Feature","id":300346,"properties":{"OBJECTID":300346,"PRIMENAME":"Ocean Terrace","ELEVTYP_F":0,"ELEVTYP_T":0},"geometry":{"type":"LineString","coordinates":[[-74.161564821148,39.6647514356642],[-74.1610472924157,39.6653877109301]]}},{"type":"Feature","id":300569,"properties":{"OBJECTID":300569,"PRIMENAME":"North 20th Street","ELEVTYP_F":0,"ELEVTYP_T":0},"geometry":{"type":"LineString","coordinates":[[-74.1642525647825,39.6686985625304],[-74.1640808700331,39.6686175949627]]}},{"type":"Feature","id":300753,"properties":{"OBJECTID":300753,"PRIMENAME":"North 4th Street","ELEVTYP_F":0,"ELEVTYP_T":0},"geometry":{"type":"LineString","coordinates":[[-74.1706355253813,39.6578581377108],[-74.1729647649283,39.6589899450299],[-74.1738413305175,39.659424747857]]}},{"type":"Feature","id":301200,"properties":{"OBJECTID":301200,"PRIMENAME":"North Long Beach Boulevard","ELEVTYP_F":0,"ELEVTYP_T":0},"geometry":{"type":"LineString","coordinates":[[-74.1710913410617,39.6554858966596],[-74.1709886227979,39.6556126679908],[-74.170600576578,39.6560914035108]]}},{"type":"Feature","id":301949,"properties":{"OBJECTID":301949,"PRIMENAME":"Sunset Avenue","ELEVTYP_F":0,"ELEVTYP_T":0},"geometry":{"type":"LineString","coordinates":[[-74.1661193233925,39.666111872003],[-74.1658937120144,39.6663912665596],[-74.1656329715911,39.6667131969688]]}},{"type":"Feature","id":302199,"properties":{"OBJECTID":302199,"PRIMENAME":"South 2nd Street","ELEVTYP_F":0,"ELEVTYP_T":0},"geometry":{"type":"LineString","coordinates":[[-74.1711255319011,39.6529180484523],[-74.1712868215248,39.6529956038873],[-74.1713904238539,39.6530454217998]]}},{"type":"Feature","id":302583,"properties":{"OBJECTID":302583,"PRIMENAME":"Long Beach Boulevard","ELEVTYP_F":0,"ELEVTYP_T":0},"geometry":{"type":"LineString","coordinates":[[-74.1735226543793,39.6523914646425],[-74.1732663404792,39.6527047773105],[-74.1730864379567,39.6529398373489],[-74.1730418022608,39.6529978891914]]}},{"type":"Feature","id":308393,"properties":{"OBJECTID":308393,"PRIMENAME":"Jenny Lane","ELEVTYP_F":0,"ELEVTYP_T":0},"geometry":{"type":"LineString","coordinates":[[-74.1558311351148,39.6742959019307],[-74.157193434893,39.6749860437262]]}},{"type":"Feature","id":312481,"properties":{"OBJECTID":312481,"PRIMENAME":"21st Street","ELEVTYP_F":0,"ELEVTYP_T":0},"geometry":{"type":"LineString","coordinates":[[-74.1597070879172,39.6673396723984],[-74.1609784784753,39.6679542961245]]}},{"type":"Feature","id":312505,"properties":{"OBJECTID":312505,"PRIMENAME":"Barnegat Avenue","ELEVTYP_F":0,"ELEVTYP_T":0},"geometry":{"type":"LineString","coordinates":[[-74.1774660611249,39.6551476654693],[-74.1777025983573,39.6548558539022],[-74.1777861421947,39.6547556544157]]}},{"type":"Feature","id":314299,"properties":{"OBJECTID":314299,"PRIMENAME":"East 3rd Street","ELEVTYP_F":0,"ELEVTYP_T":0},"geometry":{"type":"LineString","coordinates":[[-74.1736021772922,39.6532675930926],[-74.1741369001911,39.6535249494458]]}},{"type":"Feature","id":315085,"properties":{"OBJECTID":315085,"PRIMENAME":"13th Street","ELEVTYP_F":0,"ELEVTYP_T":0},"geometry":{"type":"LineString","coordinates":[[-74.1660267385097,39.6635307893711],[-74.1656013471403,39.6633246128258],[-74.1649796315123,39.663020840549]]}},{"type":"Feature","id":316520,"properties":{"OBJECTID":316520,"PRIMENAME":"North Barnegat Avenue","ELEVTYP_F":0,"ELEVTYP_T":0},"geometry":{"type":"LineString","coordinates":[[-74.1744872391118,39.6588206227691],[-74.174766445781,39.6584768964305],[-74.1749795903145,39.6582146367059]]}},{"type":"Feature","id":318166,"properties":{"OBJECTID":318166,"PRIMENAME":"North Central Avenue","ELEVTYP_F":0,"ELEVTYP_T":0},"geometry":{"type":"LineString","coordinates":[[-74.1645528502248,39.6653443790528],[-74.1640581054126,39.6659532225143]]}},{"type":"Feature","id":319964,"properties":{"OBJECTID":319964,"PRIMENAME":"North Long Beach Boulevard","ELEVTYP_F":0,"ELEVTYP_T":0},"geometry":{"type":"LineString","coordinates":[[-74.1573161516438,39.6724697908657],[-74.1590074352781,39.6733210447196]]}},{"type":"Feature","id":321697,"properties":{"OBJECTID":321697,"PRIMENAME":"Sunset Avenue","ELEVTYP_F":0,"ELEVTYP_T":0},"geometry":{"type":"LineString","coordinates":[[-74.1630048268674,39.6672502296208],[-74.1635019136036,39.6674880057492],[-74.1645732464261,39.6680100347551]]}},{"type":"Feature","id":326260,"properties":{"OBJECTID":326260,"PRIMENAME":"Unnamed Segment","ELEVTYP_F":0,"ELEVTYP_T":0},"geometry":{"type":"LineString","coordinates":[[-74.1585307523014,39.6707448474463],[-74.1575677118567,39.6702845932916]]}},{"type":"Feature","id":327782,"properties":{"OBJECTID":327782,"PRIMENAME":"North Central Avenue","ELEVTYP_F":0,"ELEVTYP_T":0},"geometry":{"type":"LineString","coordinates":[[-74.1695319445689,39.659207859759],[-74.1693938517562,39.6593767286566],[-74.1690445730491,39.6598085105479]]}},{"type":"Feature","id":333093,"properties":{"OBJECTID":333093,"PRIMENAME":"Drexel Avenue","ELEVTYP_F":0,"ELEVTYP_T":0},"geometry":{"type":"LineString","coordinates":[[-74.1695676963522,39.6583165454822],[-74.1690386432012,39.6589666069723]]}},{"type":"Feature","id":333549,"properties":{"OBJECTID":333549,"PRIMENAME":"Barnegat Avenue","ELEVTYP_F":0,"ELEVTYP_T":0},"geometry":{"type":"LineString","coordinates":[[-74.1789353544638,39.6532578575291],[-74.1788784443329,39.653329111676],[-74.1784378636071,39.6538690360251]]}},{"type":"Feature","id":337396,"properties":{"OBJECTID":337396,"PRIMENAME":"North 6th Street","ELEVTYP_F":0,"ELEVTYP_T":0},"geometry":{"type":"LineString","coordinates":[[-74.1669004816835,39.6579341627426],[-74.1683061349055,39.6586091367691]]}},{"type":"Feature","id":337797,"properties":{"OBJECTID":337797,"PRIMENAME":"West 7th Street","ELEVTYP_F":0,"ELEVTYP_T":0},"geometry":{"type":"LineString","coordinates":[[-74.1761431566361,39.651062909835],[-74.1764331719355,39.6512033829996],[-74.1794191389959,39.6526516634463]]}},{"type":"Feature","id":338527,"properties":{"OBJECTID":338527,"PRIMENAME":"West 7th Street","ELEVTYP_F":0,"ELEVTYP_T":0},"geometry":{"type":"LineString","coordinates":[[-74.1794191389959,39.6526516634463],[-74.1797185215112,39.6527968769324],[-74.1827188941067,39.6542552438116]]}},{"type":"Feature","id":338865,"properties":{"OBJECTID":338865,"PRIMENAME":"Central Avenue","ELEVTYP_F":0,"ELEVTYP_T":0},"geometry":{"type":"LineString","coordinates":[[-74.1746414415075,39.6529249299317],[-74.1741643821739,39.6534890059962],[-74.1741441637615,39.6535154505772],[-74.1741369001911,39.6535249494458]]}},{"type":"Feature","id":340688,"properties":{"OBJECTID":340688,"PRIMENAME":"21st Street","ELEVTYP_F":0,"ELEVTYP_T":0},"geometry":{"type":"LineString","coordinates":[[-74.1609784784753,39.6679542961245],[-74.1620215867749,39.6684628413089]]}},{"type":"Feature","id":341003,"properties":{"OBJECTID":341003,"PRIMENAME":"North 7th Street","ELEVTYP_F":0,"ELEVTYP_T":0},"geometry":{"type":"LineString","coordinates":[[-74.166480050995,39.6585648109145],[-74.1678151163076,39.6592134507424]]}},{"type":"Feature","id":341488,"properties":{"OBJECTID":341488,"PRIMENAME":"North 11th Street","ELEVTYP_F":0,"ELEVTYP_T":0},"geometry":{"type":"LineString","coordinates":[[-74.1721138968525,39.6646574613572],[-74.1719494162319,39.6645784164273],[-74.1704083495542,39.6638378184281]]}},{"type":"Feature","id":341952,"properties":{"OBJECTID":341952,"PRIMENAME":"North 10th Street","ELEVTYP_F":0,"ELEVTYP_T":0},"geometry":{"type":"LineString","coordinates":[[-74.1649892587553,39.6603724286938],[-74.1663402186068,39.6610237919915],[-74.1664394417138,39.6610716317197]]}},{"type":"Feature","id":344703,"properties":{"OBJECTID":344703,"PRIMENAME":"North Barnegat Avenue","ELEVTYP_F":0,"ELEVTYP_T":0},"geometry":{"type":"LineString","coordinates":[[-74.1718834367375,39.6620245696581],[-74.1723743234033,39.6614224893846]]}},{"type":"Feature","id":345899,"properties":{"OBJECTID":345899,"PRIMENAME":"North Long Beach Boulevard","ELEVTYP_F":0,"ELEVTYP_T":0},"geometry":{"type":"LineString","coordinates":[[-74.170600576578,39.6560914035108],[-74.1701094458604,39.6566973746687]]}},{"type":"Feature","id":347500,"properties":{"OBJECTID":347500,"PRIMENAME":"East 3rd Street","ELEVTYP_F":0,"ELEVTYP_T":0},"geometry":{"type":"LineString","coordinates":[[-74.1715872368046,39.6522930184236],[-74.1730418022608,39.6529978891914]]}},{"type":"Feature","id":349641,"properties":{"OBJECTID":349641,"PRIMENAME":"North Long Beach Boulevard","ELEVTYP_F":0,"ELEVTYP_T":0},"geometry":{"type":"LineString","coordinates":[[-74.1678151163076,39.6592134507424],[-74.1682667258149,39.6586573175912],[-74.1683061349055,39.6586091367691]]}},{"type":"Feature","id":349967,"properties":{"OBJECTID":349967,"PRIMENAME":"North Long Beach Boulevard","ELEVTYP_F":0,"ELEVTYP_T":0},"geometry":{"type":"LineString","coordinates":[[-74.1684880062803,39.6586973207235],[-74.167996305344,39.6593034179136]]}},{"type":"Feature","id":350674,"properties":{"OBJECTID":350674,"PRIMENAME":"Barnegat Avenue","ELEVTYP_F":0,"ELEVTYP_T":0},"geometry":{"type":"LineString","coordinates":[[-74.1776812036207,39.6547057241089],[-74.1775973989669,39.6548083665618],[-74.1773852191473,39.655065281627],[-74.1773593749516,39.6550965743452]]}},{"type":"Feature","id":351318,"properties":{"OBJECTID":351318,"PRIMENAME":"North Long Beach Boulevard","ELEVTYP_F":0,"ELEVTYP_T":0},"geometry":{"type":"LineString","coordinates":[[-74.1660337538353,39.6617191770659],[-74.1655061613145,39.6623709007187]]}},{"type":"Feature","id":351556,"properties":{"OBJECTID":351556,"PRIMENAME":"South Barnegat Avenue","ELEVTYP_F":0,"ELEVTYP_T":0},"geometry":{"type":"LineString","coordinates":[[-74.1763742513983,39.6562987782066],[-74.1759842856218,39.6567771966735],[-74.1758582450588,39.6569329558665]]}},{"type":"Feature","id":351841,"properties":{"OBJECTID":351841,"PRIMENAME":"North Barnegat Avenue","ELEVTYP_F":0,"ELEVTYP_T":0},"geometry":{"type":"LineString","coordinates":[[-74.1748649042404,39.6581593774282],[-74.1743989181265,39.6587332869769],[-74.1743731216477,39.6587652547115]]}},{"type":"Feature","id":352678,"properties":{"OBJECTID":352678,"PRIMENAME":"North Long Beach Boulevard","ELEVTYP_F":0,"ELEVTYP_T":0},"geometry":{"type":"LineString","coordinates":[[-74.1675081702395,39.6599048563164],[-74.1670136710943,39.6605129724016]]}},{"type":"Feature","id":353038,"properties":{"OBJECTID":353038,"PRIMENAME":"North Long Beach Boulevard","ELEVTYP_F":0,"ELEVTYP_T":0},"geometry":{"type":"LineString","coordinates":[[-74.1683061349055,39.6586091367691],[-74.1687741164371,39.6580369868685],[-74.1688467712788,39.6579666338585]]}},{"type":"Feature","id":353484,"properties":{"OBJECTID":353484,"PRIMENAME":"North Long Beach Boulevard","ELEVTYP_F":0,"ELEVTYP_T":0},"geometry":{"type":"LineString","coordinates":[[-74.1590340177387,39.6703697666675],[-74.1590773849322,39.6703216826808],[-74.1592095594705,39.6701665645479],[-74.1592981554926,39.6700669150476],[-74.1593277584321,39.6700216180666],[-74.159486649243,39.6697650489674]]}},{"type":"Feature","id":353649,"properties":{"OBJECTID":353649,"PRIMENAME":"North Barnegat Avenue","ELEVTYP_F":0,"ELEVTYP_T":0},"geometry":{"type":"LineString","coordinates":[[-74.1692510120686,39.6650940911634],[-74.1690950332886,39.6652860797183],[-74.1688214829157,39.6656242071546],[-74.1687634103679,39.6656963590162]]}},{"type":"Feature","id":353721,"properties":{"OBJECTID":353721,"PRIMENAME":"North Barnegat Avenue","ELEVTYP_F":0,"ELEVTYP_T":0},"geometry":{"type":"LineString","coordinates":[[-74.1722716865988,39.6613727255714],[-74.1717776437319,39.6619735057071]]}},{"type":"Feature","id":356754,"properties":{"OBJECTID":356754,"PRIMENAME":"North Barnegat Avenue","ELEVTYP_F":0,"ELEVTYP_T":0},"geometry":{"type":"LineString","coordinates":[[-74.1732841592053,39.6601160143717],[-74.1727627013457,39.6607642746643]]}},{"type":"Feature","id":356764,"properties":{"OBJECTID":356764,"PRIMENAME":"North Long Beach Boulevard","ELEVTYP_F":0,"ELEVTYP_T":0},"geometry":{"type":"LineString","coordinates":[[-74.1662815368686,39.6614133246218],[-74.1664394417138,39.6610716317197]]}},{"type":"Feature","id":359252,"properties":{"OBJECTID":359252,"PRIMENAME":"North Long Beach Boulevard","ELEVTYP_F":0,"ELEVTYP_T":0},"geometry":{"type":"LineString","coordinates":[[-74.1619609342681,39.6667446291697],[-74.1614714017553,39.6673486449208]]}},{"type":"Feature","id":359735,"properties":{"OBJECTID":359735,"PRIMENAME":"North Long Beach Boulevard","ELEVTYP_F":0,"ELEVTYP_T":0},"geometry":{"type":"LineString","coordinates":[[-74.1583234365047,39.6709996964049],[-74.1581314194953,39.6712356984101]]}},{"type":"Feature","id":361001,"properties":{"OBJECTID":361001,"PRIMENAME":"North Long Beach Boulevard","ELEVTYP_F":0,"ELEVTYP_T":0},"geometry":{"type":"LineString","coordinates":[[-74.167996305344,39.6593034179136],[-74.1676064679743,39.6597839502816],[-74.1675081702395,39.6599048563164]]}},{"type":"Feature","id":364964,"properties":{"OBJECTID":364964,"PRIMENAME":"State Highway 72","ELEVTYP_F":0,"ELEVTYP_T":0},"geometry":{"type":"LineString","coordinates":[[-74.1818273442763,39.6529769862722],[-74.1820397324432,39.6530562268702],[-74.182219795728,39.65312104753],[-74.1824183963748,39.6531788079846]]}},{"type":"Feature","id":365140,"properties":{"OBJECTID":365140,"PRIMENAME":"North Long Beach Boulevard","ELEVTYP_F":0,"ELEVTYP_T":0},"geometry":{"type":"LineString","coordinates":[[-74.1624880544955,39.6660942386393],[-74.1619609342681,39.6667446291697]]}},{"type":"Feature","id":365412,"properties":{"OBJECTID":365412,"PRIMENAME":"North Long Beach Boulevard","ELEVTYP_F":0,"ELEVTYP_T":0},"geometry":{"type":"LineString","coordinates":[[-74.1599970093933,39.6691587140427],[-74.1599544066195,39.6692109188912],[-74.159547753549,39.6697074075088],[-74.159486649243,39.6697650489674]]}},{"type":"Feature","id":365539,"properties":{"OBJECTID":365539,"PRIMENAME":"State Highway 72","ELEVTYP_F":0,"ELEVTYP_T":0},"geometry":{"type":"LineString","coordinates":[[-74.1799053409203,39.6520586529808],[-74.179968694165,39.6520894660602],[-74.1808398075989,39.6525131383535],[-74.1815827657261,39.6528690479552],[-74.1818273442763,39.6529769862722]]}},{"type":"Feature","id":367557,"properties":{"OBJECTID":367557,"PRIMENAME":"South Barnegat Avenue","ELEVTYP_F":0,"ELEVTYP_T":0},"geometry":{"type":"LineString","coordinates":[[-74.1768643438357,39.6556974723197],[-74.1763742513983,39.6562987782066]]}},{"type":"Feature","id":367785,"properties":{"OBJECTID":367785,"PRIMENAME":"North Long Beach Boulevard","ELEVTYP_F":0,"ELEVTYP_T":0},"geometry":{"type":"LineString","coordinates":[[-74.1668389228374,39.6604277998209],[-74.1669019977762,39.6603339188483],[-74.1671775484362,39.6599986018056],[-74.1673260520534,39.6598157360481]]}},{"type":"Feature","id":371208,"properties":{"OBJECTID":371208,"PRIMENAME":"North Long Beach Boulevard","ELEVTYP_F":0,"ELEVTYP_T":0},"geometry":{"type":"LineString","coordinates":[[-74.1655061613145,39.6623709007187],[-74.1650687558279,39.6629112220186],[-74.1649796315123,39.663020840549]]}},{"type":"Feature","id":371457,"properties":{"OBJECTID":371457,"PRIMENAME":"West 9th Street","ELEVTYP_F":0,"ELEVTYP_T":0},"geometry":{"type":"LineString","coordinates":[[-74.1828038066096,39.6524859287829],[-74.1827326834022,39.6524509209964],[-74.1824685653726,39.6523209678901],[-74.1818409402581,39.6520332486855],[-74.1811534035891,39.6516989075516],[-74.1804723313576,39.6513660897969]]}},{"type":"Feature","id":371668,"properties":{"OBJECTID":371668,"PRIMENAME":"North Barnegat Avenue","ELEVTYP_F":0,"ELEVTYP_T":0},"geometry":{"type":"LineString","coordinates":[[-74.1753538957432,39.6575561537365],[-74.1751078803571,39.657860109431],[-74.1748649042404,39.6581593774282]]}},{"type":"Feature","id":372909,"properties":{"OBJECTID":372909,"PRIMENAME":"North Barnegat Avenue","ELEVTYP_F":0,"ELEVTYP_T":0},"geometry":{"type":"LineString","coordinates":[[-74.1712821900675,39.6625780142259],[-74.1709543671385,39.6629791401236],[-74.1707945013033,39.6631839963926]]}},{"type":"Feature","id":377235,"properties":{"OBJECTID":377235,"PRIMENAME":"North Long Beach Boulevard","ELEVTYP_F":0,"ELEVTYP_T":0},"geometry":{"type":"LineString","coordinates":[[-74.1673260520534,39.6598157360481],[-74.1678151163076,39.6592134507424]]}},{"type":"Feature","id":377325,"properties":{"OBJECTID":377325,"PRIMENAME":"North Barnegat Avenue","ELEVTYP_F":0,"ELEVTYP_T":0},"geometry":{"type":"LineString","coordinates":[[-74.1743731216477,39.6587652547115],[-74.1738413305175,39.659424747857]]}},{"type":"Feature","id":377655,"properties":{"OBJECTID":377655,"PRIMENAME":"North Long Beach Boulevard","ELEVTYP_F":0,"ELEVTYP_T":0},"geometry":{"type":"LineString","coordinates":[[-74.1665255959429,39.6611131717569],[-74.1662815368686,39.6614133246218]]}},{"type":"Feature","id":377943,"properties":{"OBJECTID":377943,"PRIMENAME":"North 9th Street","ELEVTYP_F":0,"ELEVTYP_T":0},"geometry":{"type":"LineString","coordinates":[[-74.1712821900675,39.6625780142259],[-74.1713895452895,39.6626295766599]]}},{"type":"Feature","id":378166,"properties":{"OBJECTID":378166,"PRIMENAME":"North Barnegat Avenue","ELEVTYP_F":0,"ELEVTYP_T":0},"geometry":{"type":"LineString","coordinates":[[-74.169781831761,39.6644406025786],[-74.1692510120686,39.6650940911634]]}},{"type":"Feature","id":378199,"properties":{"OBJECTID":378199,"PRIMENAME":"North Long Beach Boulevard","ELEVTYP_F":0,"ELEVTYP_T":0},"geometry":{"type":"LineString","coordinates":[[-74.1662815368686,39.6614133246218],[-74.1662327959988,39.6614732841749],[-74.1660337538353,39.6617191770659]]}},{"type":"Feature","id":378542,"properties":{"OBJECTID":378542,"PRIMENAME":"North Long Beach Boulevard","ELEVTYP_F":0,"ELEVTYP_T":0},"geometry":{"type":"LineString","coordinates":[[-74.157193745597,39.6723874327066],[-74.1569876710663,39.6726400742003]]}},{"type":"Feature","id":378638,"properties":{"OBJECTID":378638,"PRIMENAME":"North Long Beach Boulevard","ELEVTYP_F":0,"ELEVTYP_T":0},"geometry":{"type":"LineString","coordinates":[[-74.1585307523014,39.6707448474463],[-74.1583234365047,39.6709996964049]]}},{"type":"Feature","id":378804,"properties":{"OBJECTID":378804,"PRIMENAME":"North Long Beach Boulevard","ELEVTYP_F":0,"ELEVTYP_T":0},"geometry":{"type":"LineString","coordinates":[[-74.1630120847679,39.6654490529624],[-74.1626727184107,39.6658663750111],[-74.1624880544955,39.6660942386393]]}},{"type":"Feature","id":379494,"properties":{"OBJECTID":379494,"PRIMENAME":"North Long Beach Boulevard","ELEVTYP_F":0,"ELEVTYP_T":0},"geometry":{"type":"LineString","coordinates":[[-74.1695831840184,39.6573466504987],[-74.1690145715845,39.6580481058449]]}},{"type":"Feature","id":379514,"properties":{"OBJECTID":379514,"PRIMENAME":"North Long Beach Boulevard","ELEVTYP_F":0,"ELEVTYP_T":0},"geometry":{"type":"LineString","coordinates":[[-74.1607306920886,39.6682586271663],[-74.160482975289,39.6685628209485]]}},{"type":"Feature","id":379523,"properties":{"OBJECTID":379523,"PRIMENAME":"North Long Beach Boulevard","ELEVTYP_F":0,"ELEVTYP_T":0},"geometry":{"type":"LineString","coordinates":[[-74.1670136710943,39.6605129724016],[-74.1665255959429,39.6611131717569]]}},{"type":"Feature","id":380112,"properties":{"OBJECTID":380112,"PRIMENAME":"North Long Beach Boulevard","ELEVTYP_F":0,"ELEVTYP_T":0},"geometry":{"type":"LineString","coordinates":[[-74.1569876710663,39.6726400742003],[-74.1568849475189,39.6727660111083],[-74.1568557705527,39.6728019237016],[-74.1567818423264,39.6728929133077]]}},{"type":"Feature","id":381435,"properties":{"OBJECTID":381435,"PRIMENAME":"North Long Beach Boulevard","ELEVTYP_F":0,"ELEVTYP_T":0},"geometry":{"type":"LineString","coordinates":[[-74.16350654674,39.6648410354855],[-74.1630120847679,39.6654490529624]]}},{"type":"Feature","id":382553,"properties":{"OBJECTID":382553,"PRIMENAME":"North Long Beach Boulevard","ELEVTYP_F":0,"ELEVTYP_T":0},"geometry":{"type":"LineString","coordinates":[[-74.1575298047889,39.6719751094739],[-74.1574248312298,39.6721041235369],[-74.157193745597,39.6723874327066]]}},{"type":"Feature","id":382882,"properties":{"OBJECTID":382882,"PRIMENAME":"North Long Beach Boulevard","ELEVTYP_F":0,"ELEVTYP_T":0},"geometry":{"type":"LineString","coordinates":[[-74.1639972633862,39.664234488544],[-74.1636211193091,39.6647001652204],[-74.16350654674,39.6648410354855]]}},{"type":"Feature","id":383472,"properties":{"OBJECTID":383472,"PRIMENAME":"North Barnegat Avenue","ELEVTYP_F":0,"ELEVTYP_T":0},"geometry":{"type":"LineString","coordinates":[[-74.1727627013457,39.6607642746643],[-74.1723444269964,39.6612842500634],[-74.1722716865988,39.6613727255714]]}},{"type":"Feature","id":383503,"properties":{"OBJECTID":383503,"PRIMENAME":"North Barnegat Avenue","ELEVTYP_F":0,"ELEVTYP_T":0},"geometry":{"type":"LineString","coordinates":[[-74.1707945013033,39.6631839963926],[-74.1705969627442,39.6634371226993],[-74.1703098898156,39.6637905355365]]}},{"type":"Feature","id":385430,"properties":{"OBJECTID":385430,"PRIMENAME":"North Long Beach Boulevard","ELEVTYP_F":0,"ELEVTYP_T":0},"geometry":{"type":"LineString","coordinates":[[-74.1688467712788,39.6579666338585],[-74.168957574208,39.657859380886],[-74.1692414742794,39.6576013966638],[-74.1695831840184,39.6573466504987]]}},{"type":"Feature","id":385807,"properties":{"OBJECTID":385807,"PRIMENAME":"North Barnegat Avenue","ELEVTYP_F":0,"ELEVTYP_T":0},"geometry":{"type":"LineString","coordinates":[[-74.1717776437319,39.6619735057071],[-74.1715349787554,39.6622686499942],[-74.1712821900675,39.6625780142259]]}},{"type":"Feature","id":386288,"properties":{"OBJECTID":386288,"PRIMENAME":"North Long Beach Boulevard","ELEVTYP_F":0,"ELEVTYP_T":0},"geometry":{"type":"LineString","coordinates":[[-74.1581314194953,39.6712356984101],[-74.1579285689562,39.6714850120118],[-74.1577842948406,39.6716623318133],[-74.1575507330842,39.6719493869814],[-74.1575298047889,39.6719751094739]]}},{"type":"Feature","id":386534,"properties":{"OBJECTID":386534,"PRIMENAME":"North Long Beach Boulevard","ELEVTYP_F":0,"ELEVTYP_T":0},"geometry":{"type":"LineString","coordinates":[[-74.1589021426418,39.6703123821333],[-74.1587131098483,39.6705206784606],[-74.1585307523014,39.6707448474463]]}},{"type":"Feature","id":387785,"properties":{"OBJECTID":387785,"PRIMENAME":"State Highway 72","ELEVTYP_F":0,"ELEVTYP_T":0},"geometry":{"type":"LineString","coordinates":[[-74.1824183963748,39.6531788079846],[-74.1826909314536,39.6532474765513],[-74.1831159196568,39.6533451425619],[-74.1833020703025,39.6533838128288]]}},{"type":"Feature","id":392047,"properties":{"OBJECTID":392047,"PRIMENAME":"North Long Beach Boulevard","ELEVTYP_F":0,"ELEVTYP_T":0},"geometry":{"type":"LineString","coordinates":[[-74.1644862244153,39.6636291423015],[-74.1639972633862,39.664234488544]]}},{"type":"Feature","id":392196,"properties":{"OBJECTID":392196,"PRIMENAME":"North Long Beach Boulevard","ELEVTYP_F":0,"ELEVTYP_T":0},"geometry":{"type":"LineString","coordinates":[[-74.1690145715845,39.6580481058449],[-74.1689622624935,39.6581126962338],[-74.1684880062803,39.6586973207235]]}},{"type":"Feature","id":392857,"properties":{"OBJECTID":392857,"PRIMENAME":"South Barnegat Avenue","ELEVTYP_F":0,"ELEVTYP_T":0},"geometry":{"type":"LineString","coordinates":[[-74.1773593749516,39.6550965743452],[-74.1769611173643,39.6555787779899],[-74.1768643438357,39.6556974723197]]}},{"type":"Feature","id":392923,"properties":{"OBJECTID":392923,"PRIMENAME":"North Barnegat Avenue","ELEVTYP_F":0,"ELEVTYP_T":0},"geometry":{"type":"LineString","coordinates":[[-74.1738413305175,39.659424747857],[-74.1733773083065,39.660000195372],[-74.1732841592053,39.6601160143717]]}},{"type":"Feature","id":395609,"properties":{"OBJECTID":395609,"PRIMENAME":"West 8th Street","ELEVTYP_F":0,"ELEVTYP_T":0},"geometry":{"type":"LineString","coordinates":[[-74.1766279406313,39.650472956272],[-74.177102216421,39.6507045977888],[-74.1794277806212,39.6518264373878],[-74.1799053409203,39.6520586529808]]}},{"type":"Feature","id":396896,"properties":{"OBJECTID":396896,"PRIMENAME":"North Barnegat Avenue","ELEVTYP_F":0,"ELEVTYP_T":0},"geometry":{"type":"LineString","coordinates":[[-74.1703098898156,39.6637905355365],[-74.169781831761,39.6644406025786]]}},{"type":"Feature","id":397576,"properties":{"OBJECTID":397576,"PRIMENAME":"North Long Beach Boulevard","ELEVTYP_F":0,"ELEVTYP_T":0},"geometry":{"type":"LineString","coordinates":[[-74.1649796315123,39.663020840549],[-74.1646581565317,39.6634162290649],[-74.1644862244153,39.6636291423015]]}},{"type":"Feature","id":398910,"properties":{"OBJECTID":398910,"PRIMENAME":"North Long Beach Boulevard","ELEVTYP_F":0,"ELEVTYP_T":0},"geometry":{"type":"LineString","coordinates":[[-74.1664394417138,39.6610716317197],[-74.1665122009701,39.6609142742955],[-74.1668389228374,39.6604277998209]]}},{"type":"Feature","id":399676,"properties":{"OBJECTID":399676,"PRIMENAME":"North Barnegat Avenue","ELEVTYP_F":0,"ELEVTYP_T":0},"geometry":{"type":"LineString","coordinates":[[-74.1687634103679,39.6656963590162],[-74.1683356802982,39.6662276861952],[-74.168326864657,39.6663327048671]]}},{"type":"Feature","id":399898,"properties":{"OBJECTID":399898,"PRIMENAME":"North Long Beach Boulevard","ELEVTYP_F":0,"ELEVTYP_T":0},"geometry":{"type":"LineString","coordinates":[[-74.160482975289,39.6685628209485],[-74.160285328674,39.66880552263],[-74.1599970093933,39.6691587140427]]}},{"type":"Feature","id":400528,"properties":{"OBJECTID":400528,"PRIMENAME":"North Long Beach Boulevard","ELEVTYP_F":0,"ELEVTYP_T":0},"geometry":{"type":"LineString","coordinates":[[-74.1614714017553,39.6673486449208],[-74.1614229377239,39.667408438351],[-74.1609784784753,39.6679542961245]]}},{"type":"Feature","id":400959,"properties":{"OBJECTID":400959,"PRIMENAME":"North Long Beach Boulevard","ELEVTYP_F":0,"ELEVTYP_T":0},"geometry":{"type":"LineString","coordinates":[[-74.1609784784753,39.6679542961245],[-74.1607306920886,39.6682586271663]]}},{"type":"Feature","id":401340,"properties":{"OBJECTID":401340,"PRIMENAME":"North Barnegat Avenue","ELEVTYP_F":0,"ELEVTYP_T":0},"geometry":{"type":"LineString","coordinates":[[-74.1758582450588,39.6569329558665],[-74.1753538957432,39.6575561537365]]}},{"type":"Feature","id":401385,"properties":{"OBJECTID":401385,"PRIMENAME":"North Long Beach Boulevard","ELEVTYP_F":0,"ELEVTYP_T":0},"geometry":{"type":"LineString","coordinates":[[-74.159486649243,39.6697650489674],[-74.1592457168855,39.6699804964579],[-74.1591395224925,39.6700755373337],[-74.159039179477,39.6701728453839],[-74.1589506494972,39.6702589600806],[-74.1589021426418,39.6703123821333]]}},{"type":"Feature","id":434186,"properties":{"OBJECTID":434186,"PRIMENAME":"North Ocean Avenue","ELEVTYP_F":0,"ELEVTYP_T":0},"geometry":{"type":"LineString","coordinates":[[-74.1698595826446,39.6544355826205],[-74.1697112618409,39.6546208501566],[-74.1695923592886,39.6547672856025]]}},{"type":"Feature","id":434234,"properties":{"OBJECTID":434234,"PRIMENAME":"North Ocean Avenue","ELEVTYP_F":0,"ELEVTYP_T":0},"geometry":{"type":"LineString","coordinates":[[-74.1695923592886,39.6547672856025],[-74.1694103116938,39.6549757955158]]}}]}
